Experiment;me;Year;Crop;Yield;Height;Heading;Maturity
EX1;Branisovice;2006;WW;6.51;92.19;160;
EX2;Branisovice;2006;WW;7.27;92.02;161;
EX3;Branisovice;2007;WW;7.22;83.32;141;
EX4;Branisovice;2007;WW;7.44;83.03;141;
EX5;Branisovice;2008;WW;11.14;103.22;147;
EX6;Branisovice;2008;WW;10.16;101.29;147;
EX7;Branisovice;2009;WW;9.82;94.16;142;
EX8;Branisovice;2009;WW;9.47;97.89;142;
EX9;Branisovice;2010;WW;8.89;88.03;150;
EX10;Branisovice;2010;WW;7.2;90.36;150;
EX11;Branisovice;2010;WW;9.09;88.32;158;
EX12;Branisovice;2010;WW;7.32;93.61;157;
EX13;Branisovice;2011;WW;10.76;;147;205
EX14;Branisovice;2011;WW;10.59;86.71;147;
EX15;Branisovice;2013;WW;7.94;93.07;155;
EX16;Branisovice;2013;WW;7.15;92.66;153;
EX17;Branisovice;2014;WW;6.11;71.42;139;
EX18;Branisovice;2014;WW;6.02;;139;
EX19;Branisovice;2015;WW;11.14;88;147;
EX20;Branisovice;2015;WW;12.6;;149;
EX21;Branisovice;2015;WW;10.58;92;148;
EX22;Branisovice;2015;WW;11.23;;147;
EX23;Branisovice;2015;WW;9.94;90;147;
EX24;Branisovice;2015;WW;10.99;;147;
EX25;Branisovice;2015;WW;10.9;100;144;
EX26;Branisovice;2015;WW;10.54;;145;
EX27;Branisovice;2015;WW;10.72;108;147;
EX28;Branisovice;2015;WW;11.04;;147;
EX29;Branisovice;2015;WW;10.86;105;146;
EX30;Branisovice;2015;WW;11.93;;146;
EX31;Branisovice;2015;WW;10.46;95;149;
EX32;Branisovice;2015;WW;10.81;;150;
EX33;Branisovice;2015;WW;10.31;102;148;
EX34;Branisovice;2015;WW;11.65;;148;
EX35;Branisovice;2015;WW;10.72;93;146;
EX36;Branisovice;2015;WW;10.91;;146;
EX37;Branisovice;2015;WW;10.61;98;148;
EX38;Branisovice;2015;WW;11.45;;146;
EX39;Branisovice;2015;WW;9.24;98.62;145;
EX40;Branisovice;2015;WW;10.84;;145;
EX41;Branisovice;2015;WW;9.77;92;150;
EX42;Branisovice;2015;WW;10.53;;148;
EX43;Branisovice;2015;WW;10.65;92;144;
EX44;Branisovice;2015;WW;12.12;;144;
EX45;Branisovice;2015;WW;10.59;115;149;
EX46;Branisovice;2015;WW;10.34;;149;
EX47;Branisovice;2015;WW;10.46;93;151;
EX48;Branisovice;2015;WW;11.93;;151;
EX49;Branisovice;2015;WW;6.15;82;146;
EX50;Branisovice;2015;WW;9.8;;146;
EX51;Branisovice;2015;WW;8.6;95;150;
EX52;Branisovice;2015;WW;11.86;;149;
EX53;Branisovice;2015;WW;10.7;102;145;
EX54;Branisovice;2015;WW;11.44;;147;
EX55;Branisovice;2015;WW;10.27;107;149;
EX56;Branisovice;2015;WW;10.33;;149;
EX57;Branisovice;2015;WW;10.57;92;150;
EX58;Branisovice;2015;WW;12.64;;148;
EX59;Branisovice;2015;WW;10.66;93;147;
EX60;Branisovice;2015;WW;9.65;;147;
EX61;Branisovice;2015;WW;11.74;92;147;
EX62;Branisovice;2015;WW;11.98;;147;
EX63;Branisovice;2015;WW;10.01;90;146;
EX64;Branisovice;2015;WW;11.34;;147;
EX65;Branisovice;2015;WW;12.04;88;149;
EX66;Branisovice;2015;WW;11.99;;148;
EX67;Branisovice;2015;WW;10.75;83;148;
EX68;Branisovice;2015;WW;12.86;;146;
EX69;Branisovice;2015;WW;9.08;97;145;
EX70;Branisovice;2015;WW;10.24;;145;
EX71;Branisovice;2016;WW;13.16;91.77;154;
EX72;Branisovice;2016;WW;12.91;91.47;155;
EX73;Branisovice;2016;WW;10.61;92.27;151;
EX74;Branisovice;2016;WW;10.76;93.29;151;
EX75;Branisovice;2017;WW;;72.82;147;
EX76;Branisovice;2017;WW;;74.95;147;
EX77;Branisovice;2018;WW;;63.59;136;
EX78;Branisovice;2018;WW;;58.6;137;
EX79;Branisovice;2018;WW;4.01;61.53;134;
EX80;Branisovice;2018;WW;3.88;60.26;134;
EX81;Branisovice;2019;WW;;92.25;145;
EX82;Branisovice;2019;WW;;88.44;146;
EX83;Branisovice;2019;WW;;89.58;140;
EX84;Branisovice;2019;WW;;89.06;140;
EX85;Branisovice;2020;WW;11.25;84.63;145;
EX86;Branisovice;2020;WW;10.96;83.75;143;
EX87;Branisovice;2020;WW;11.07;83.88;145;
EX88;Branisovice;2021;WW;13.66;91.3;154;
EX89;Branisovice;2021;WW;13.26;90.92;;
EX90;Branisovice;2022;WW;8.36;69.34;141;
EX91;Branisovice;2022;WW;7.45;64.77;141;
EX92;Branisovice;2022;WW;8.35;74.74;144;
EX93;Branisovice;2022;WW;7.94;70.1;144;
EX94;Branisovice;2023;WW;12.53;100.7;145;
EX95;Branisovice;2023;WW;;104.81;150;
EX96;Branisovice;2023;WW;12.54;98.81;150;
EX97;Branisovice;2023;WW;;96.88;150;
EX98;Branisovice;2024;WW;8.88;91.89;140;
EX99;Caslav;2006;WW;9.01;92.87;152;202
EX100;Caslav;2006;WW;10.29;87.25;154;205
EX101;Caslav;2006;WW;10.13;81.83;147;203
EX102;Caslav;2007;WW;10.18;102.22;134;193
EX103;Caslav;2007;WW;11.47;;135;194
EX104;Caslav;2007;WW;10.02;102.23;140;195
EX105;Caslav;2007;WW;11.91;98.2;140;195
EX106;Caslav;2007;WW;10.02;105.15;140;196
EX107;Caslav;2007;WW;11.94;98.98;141;197
EX108;Caslav;2008;WW;11.32;103.68;150;204
EX109;Caslav;2008;WW;10.78;94.8;147;204
EX110;Caslav;2008;WW;9.4;107.19;149;201
EX111;Caslav;2008;WW;8.98;96.81;146;201
EX112;Caslav;2009;WW;9.07;97.71;143;209
EX113;Caslav;2009;WW;8.85;97.9;142;209
EX114;Caslav;2009;WW;7.89;91.63;140;201
EX115;Caslav;2009;WW;9.47;88.57;140;206
EX116;Caslav;2009;WW;7.3;103.87;141;205
EX117;Caslav;2009;WW;;97.52;136;201
EX118;Caslav;2009;WW;7.5;98.97;142;203
EX119;Caslav;2009;WW;;92.07;137;205
EX120;Caslav;2009;WW;10.12;83.6;146;213
EX121;Caslav;2010;WW;8.58;96.46;150;202
EX122;Caslav;2010;WW;11.25;92.67;146;202
EX123;Caslav;2010;WW;10.67;96.05;153;203
EX124;Caslav;2010;WW;7.99;98.75;153;206
EX125;Caslav;2010;WW;10.14;96.21;155;210
EX126;Caslav;2010;WW;10.04;98.32;155;209
EX127;Caslav;2010;WW;9.54;93.24;151;205
EX128;Caslav;2010;WW;10.76;93.1;155;208
EX129;Caslav;2010;WW;11.22;94.28;146;207
EX130;Caslav;2010;WW;10.03;71.25;159;210
EX131;Caslav;2011;WW;10.97;92.78;144;197
EX132;Caslav;2011;WW;11.9;;145;199
EX133;Caslav;2011;WW;11.76;96.36;141;200
EX134;Caslav;2011;WW;11.6;82;142;205
EX135;Caslav;2011;WW;11.59;95;146;202
EX136;Caslav;2011;WW;13.37;;142;202
EX137;Caslav;2011;WW;13.5;;142;204
EX138;Caslav;2011;WW;11.98;96.79;146;206
EX139;Caslav;2011;WW;12.84;;147;206
EX140;Caslav;2011;WW;12.56;;147;209
EX141;Caslav;2012;WW;8.91;85.86;145;196
EX142;Caslav;2012;WW;9.56;;145;198
EX143;Caslav;2012;WW;10.61;90.58;147;
EX144;Caslav;2012;WW;12.33;;148;
EX145;Caslav;2012;WW;12.07;;139;200
EX146;Caslav;2012;WW;9.95;87.99;149;207
EX147;Caslav;2012;WW;11.25;;149;209
EX148;Caslav;2012;WW;11.22;86.14;138;197
EX149;Caslav;2013;WW;11.56;;145;207
EX150;Caslav;2013;WW;8.78;101.07;144;204
EX151;Caslav;2013;WW;9.1;99.56;154;211
EX152;Caslav;2013;WW;9.77;100.56;154;209
EX153;Caslav;2013;WW;11.45;;156;213
EX154;Caslav;2013;WW;11.47;;155;214
EX155;Caslav;2013;WW;11.68;;155;213
EX156;Caslav;2013;WW;9.73;100.68;154;210
EX157;Caslav;2013;WW;8.87;101.64;152;206
EX158;Caslav;2013;WW;11.07;;154;210
EX159;Caslav;2014;WW;11.17;105.44;142;198
EX160;Caslav;2014;WW;12.81;;140;200
EX161;Caslav;2014;WW;10.93;110.4;144;203
EX162;Caslav;2014;WW;12.85;;144;206
EX163;Caslav;2014;WW;13.18;;144;207
EX164;Caslav;2014;WW;9.58;123.08;139;199
EX165;Caslav;2014;WW;12.84;;140;202
EX166;Caslav;2014;WW;11.11;110.9;144;203
EX167;Caslav;2015;WW;9.99;98.42;142;197
EX168;Caslav;2015;WW;11.64;;142;198
EX169;Caslav;2015;WW;7.69;112.14;139;199
EX170;Caslav;2015;WW;11.36;;139;200
EX171;Caslav;2015;WW;10.37;103.58;145;201
EX172;Caslav;2015;WW;14.36;;145;204
EX173;Caslav;2016;WW;9.65;94.03;147;198
EX174;Caslav;2016;WW;11.14;88.45;148;200
EX175;Caslav;2016;WW;10.66;107.46;152;204
EX176;Caslav;2016;WW;11.22;105;158;209
EX177;Caslav;2016;WW;11.41;102.1;158;209
EX178;Caslav;2016;WW;12.77;104.57;144;203
EX179;Caslav;2016;WW;9;114.29;144;201
EX180;Caslav;2016;WW;9.54;108.93;143;199
EX181;Caslav;2016;WW;12.67;108.57;144;203
EX182;Caslav;2016;WW;10.85;106.38;148;204
EX183;Caslav;2016;WW;13.64;100.41;148;208
EX184;Caslav;2016;WW;9.77;102.25;149;205
EX185;Caslav;2016;WW;13.07;101.19;149;209
EX186;Caslav;2016;WW;13.04;102.96;149;209
EX187;Caslav;2017;WW;11.7;93;149;206
EX188;Caslav;2017;WW;10.65;94.73;147;197
EX189;Caslav;2017;WW;13.31;96.8;148;205
EX190;Caslav;2017;WW;12.82;92.64;148;199
EX191;Caslav;2017;WW;10.29;100.53;147;201
EX192;Caslav;2017;WW;12.19;94.55;150;204
EX193;Caslav;2017;WW;11.71;95.56;150;204
EX194;Caslav;2017;WW;13.19;91.17;151;209
EX195;Caslav;2017;WW;13.95;93.14;151;207
EX196;Caslav;2018;WW;10.54;104.14;131;184
EX197;Caslav;2018;WW;11.68;93.86;131;185
EX198;Caslav;2018;WW;10.94;98.62;136;187
EX199;Caslav;2018;WW;12.88;94.5;136;188
EX200;Caslav;2018;WW;9.96;103.56;132;181
EX201;Caslav;2018;WW;10.96;96.56;132;181
EX202;Caslav;2018;WW;10.63;93.6;136;188
EX203;Caslav;2018;WW;12.2;90.08;137;190
EX204;Caslav;2019;WW;9.97;109.45;140;191
EX205;Caslav;2019;WW;11.42;105.88;142;198
EX206;Caslav;2019;WW;11.24;104.49;148;204
EX207;Caslav;2019;WW;10.83;108.07;147;201
EX208;Caslav;2019;WW;12.15;101.32;148;203
EX209;Caslav;2019;WW;11.19;106.03;147;201
EX210;Caslav;2020;WW;;109.97;147;210
EX211;Caslav;2020;WW;;104.34;147;211
EX212;Caslav;2020;WW;;109.36;141;205
EX213;Caslav;2020;WW;;101.52;142;206
EX214;Caslav;2020;WW;10.84;103.21;148;210
EX215;Caslav;2020;WW;10.15;109.25;148;208
EX216;Caslav;2021;WW;12.75;97.5;153;206
EX217;Caslav;2021;WW;12.81;97.44;159;211
EX218;Caslav;2021;WW;12.8;94.87;159;211
EX219;Caslav;2022;WW;11.89;96.32;139;197
EX220;Caslav;2022;WW;13.06;90.02;140;197
EX221;Caslav;2022;WW;11.55;96.1;143;201
EX222;Caslav;2022;WW;12.94;92.1;144;201
EX223;Caslav;2022;WW;12.13;92.44;143;199
EX224;Caslav;2022;WW;13.55;89.1;144;200
EX225;Caslav;2023;WW;12.73;103.85;140;196
EX226;Caslav;2023;WW;13.61;104.16;146;198
EX227;Caslav;2023;WW;14.17;101.77;144;198
EX228;Caslav;2023;WW;13.42;104.88;147;198
EX229;Caslav;2023;WW;15.36;103.71;148;199
EX230;Caslav;2024;WW;9.73;92.3;130;192
EX231;Caslav;2024;WW;9.48;104.42;137;194
EX232;Caslav;2024;WW;11.51;90.39;130;193
EX233;Caslav;2024;WW;12.47;100.62;136;194
EX234;Caslav;2024;WW;10.54;101.6;136;193
EX235;Chrastava;2006;WW;7.85;86.6;162;209
EX236;Chrastava;2006;WW;8.18;79.11;161;209
EX237;Chrastava;2006;WW;7.12;88.49;164;208
EX238;Chrastava;2006;WW;7.6;75.56;165;209
EX239;Chrastava;2006;WW;7.82;81.99;165;207
EX240;Chrastava;2007;WW;9.08;;138;197
EX241;Chrastava;2007;WW;9.53;85.04;140;197
EX242;Chrastava;2007;WW;9.11;96.6;143;196
EX243;Chrastava;2007;WW;9.66;88.17;144;197
EX244;Chrastava;2007;WW;7.93;95.85;144;198
EX245;Chrastava;2007;WW;9.25;83.31;145;199
EX246;Chrastava;2008;WW;9.98;85.78;154;205
EX247;Chrastava;2008;WW;8.73;92;153;206
EX248;Chrastava;2008;WW;10.68;90.07;154;206
EX249;Chrastava;2008;WW;8.71;93.2;153;203
EX250;Chrastava;2008;WW;8.37;92.52;150;200
EX251;Chrastava;2008;WW;9.71;91.3;152;202
EX252;Chrastava;2009;WW;5.9;82.78;144;211
EX253;Chrastava;2009;WW;7.68;71.09;146;213
EX254;Chrastava;2009;WW;5.44;85.49;146;211
EX255;Chrastava;2009;WW;7;69.53;148;211
EX256;Chrastava;2010;WW;9.01;94.95;159;215
EX257;Chrastava;2010;WW;8.5;88.54;160;216
EX258;Chrastava;2010;WW;8.29;94.13;158;215
EX259;Chrastava;2010;WW;8.87;86.41;159;216
EX260;Chrastava;2011;WW;7.82;86.94;151;215
EX261;Chrastava;2011;WW;8.8;;152;215
EX262;Chrastava;2011;WW;7.04;86.05;152;215
EX263;Chrastava;2011;WW;8.08;;153;215
EX264;Chrastava;2011;WW;7.01;84.88;148;207
EX265;Chrastava;2011;WW;7.81;;149;208
EX266;Chrastava;2012;WW;11.87;;150;
EX267;Chrastava;2012;WW;9.65;84.58;148;
EX268;Chrastava;2012;WW;8.87;88.88;143;
EX269;Chrastava;2012;WW;10.7;;144;
EX270;Chrastava;2012;WW;10.37;;;
EX271;Chrastava;2012;WW;9.24;85.62;;
EX272;Chrastava;2013;WW;5.18;92.55;157;223
EX273;Chrastava;2013;WW;8.9;;158;225
EX274;Chrastava;2013;WW;6.95;91.19;163;
EX275;Chrastava;2013;WW;9.89;;164;226
EX276;Chrastava;2013;WW;6.59;92.17;163;
EX277;Chrastava;2013;WW;9.93;;164;
EX278;Chrastava;2014;WW;;;141;
EX279;Chrastava;2014;WW;8.56;93.84;144;220
EX280;Chrastava;2014;WW;11.24;;144;223
EX281;Chrastava;2014;WW;;99.8;;202
EX282;Chrastava;2015;WW;10.21;97.69;152;215
EX283;Chrastava;2015;WW;11.81;;152;214
EX284;Chrastava;2015;WW;11;;150;213
EX285;Chrastava;2015;WW;9.6;99.57;150;210
EX286;Chrastava;2016;WW;8.78;88.08;160;210
EX287;Chrastava;2016;WW;8.22;91.04;156;206
EX288;Chrastava;2016;WW;8.35;100.48;149;214
EX289;Chrastava;2016;WW;10.52;93;150;
EX290;Chrastava;2016;WW;9.76;95.59;150;218
EX291;Chrastava;2016;WW;;104.97;147;
EX292;Chrastava;2016;WW;;99.57;147;207
EX293;Chrastava;2017;WW;9.99;96.99;150;208
EX294;Chrastava;2017;WW;10.52;89.21;150;208
EX295;Chrastava;2017;WW;10.87;87.92;152;211
EX296;Chrastava;2018;WW;10.29;100.7;136;197
EX297;Chrastava;2018;WW;11.13;85.89;136;199
EX298;Chrastava;2018;WW;9.64;92.39;141;199
EX299;Chrastava;2018;WW;11.87;86.53;141;201
EX300;Chrastava;2019;WW;8.8;104.97;145;201
EX301;Chrastava;2019;WW;12.63;101.97;146;202
EX302;Chrastava;2019;WW;10.85;101.07;149;204
EX303;Chrastava;2019;WW;12.87;99.07;150;204
EX304;Chrastava;2020;WW;11.9;99.11;147;217
EX305;Chrastava;2020;WW;8.84;100.07;142;209
EX306;Chrastava;2020;WW;11.59;102.76;142;210
EX307;Chrastava;2020;WW;10.03;101.45;146;211
EX308;Chrastava;2021;WW;10.2;82.55;160;211
EX309;Chrastava;2021;WW;9.95;84.04;157;207
EX310;Chrastava;2022;WW;12.25;91.21;146;206
EX311;Chrastava;2022;WW;9.57;95.52;141;200
EX312;Chrastava;2022;WW;10.98;84.86;141;203
EX313;Chrastava;2022;WW;10.21;98.07;145;204
EX314;Chrastava;2022;WW;11.9;90.79;146;205
EX315;Chrastava;2023;WW;8.69;96.14;154;211
EX316;Chrastava;2023;WW;9.83;86.15;149;208
EX317;Chrastava;2023;WW;10.11;88.3;154;211
EX318;Chrastava;2023;WW;9.3;102.57;148;
EX319;Chrastava;2024;WW;9.22;85.91;133;198
EX320;Chrastava;2024;WW;10.55;77.57;134;199
EX321;Chrastava;2024;WW;8.43;89.02;139;203
EX322;Chrastava;2024;WW;10.63;84.52;139;204
EX323;Chrlice;2006;WW;7.12;102.01;161;207
EX324;Chrlice;2006;WW;;90.67;156;206
EX325;Chrlice;2006;WW;9.29;96.22;163;210
EX326;Chrlice;2007;WW;8.67;100.51;139;184
EX327;Chrlice;2007;WW;10.36;96.11;140;186
EX328;Chrlice;2008;WW;;98.94;141;194
EX329;Chrlice;2008;WW;10.08;92;146;199
EX330;Chrlice;2008;WW;9.71;105.15;147;201
EX331;Chrlice;2008;WW;11;93.24;148;202
EX332;Chrlice;2008;WW;11.69;91.02;146;202
EX333;Chrlice;2009;WW;9.04;89.84;142;198
EX334;Chrlice;2009;WW;10.7;84.41;144;209
EX335;Chrlice;2009;WW;9.21;93;141;196
EX336;Chrlice;2009;WW;11.23;80.44;138;205
EX337;Chrlice;2009;WW;10.83;87.13;143;208
EX338;Chrlice;2010;WW;7.39;94.85;156;206
EX339;Chrlice;2010;WW;9.57;85.1;157;214
EX340;Chrlice;2010;WW;7.72;90.87;156;209
EX341;Chrlice;2010;WW;9.47;85.8;157;215
EX342;Chrlice;2010;WW;8.32;92.59;149;202
EX343;Chrlice;2010;WW;10.04;85.54;150;204
EX344;Chrlice;2011;WW;10.85;94.58;146;199
EX345;Chrlice;2011;WW;12.04;;147;203
EX346;Chrlice;2011;WW;10.67;95.53;146;198
EX347;Chrlice;2011;WW;11.69;;143;198
EX348;Chrlice;2011;WW;12.14;;148;205
EX349;Chrlice;2011;WW;10.76;93.78;142;193
EX350;Chrlice;2013;WW;10.27;;155;210
EX351;Chrlice;2013;WW;8.3;101.39;144;203
EX352;Chrlice;2013;WW;8.47;98.14;155;207
EX353;Chrlice;2013;WW;10.16;;144;209
EX354;Chrlice;2013;WW;10.36;;;210
EX355;Chrlice;2013;WW;8.33;103.17;144;203
EX356;Chrlice;2013;WW;8.93;99.85;;207
EX357;Chrlice;2014;WW;12.02;;142;202
EX358;Chrlice;2014;WW;11.41;103.52;141;198
EX359;Chrlice;2014;WW;10.92;112.2;133;193
EX360;Chrlice;2014;WW;12.75;;132;195
EX361;Chrlice;2014;WW;11.46;102.19;142;201
EX362;Chrlice;2014;WW;12.42;;142;202
EX363;Chrlice;2015;WW;9.29;115.57;141;196
EX364;Chrlice;2015;WW;11.59;;141;
EX365;Chrlice;2015;WW;11.58;;;201
EX366;Chrlice;2015;WW;9.36;109.38;;198
EX367;Chrlice;2016;WW;8.65;106.7;146;199
EX368;Chrlice;2016;WW;11.54;102.65;146;
EX369;Chrlice;2016;WW;8.23;101.38;149;201
EX370;Chrlice;2016;WW;8.12;103.11;150;
EX371;Chrlice;2016;WW;10.58;96.88;150;202
EX372;Chrlice;2016;WW;10.24;99.44;150;
EX373;Chrlice;2016;WW;10.52;98.89;150;200
EX374;Chrlice;2016;WW;10.94;97.33;156;202
EX375;Chrlice;2017;WW;6.09;80.93;144;187
EX376;Chrlice;2017;WW;6.55;78.14;144;189
EX377;Chrlice;2017;WW;6.2;79.65;145;187
EX378;Chrlice;2017;WW;6.67;77.05;145;190
EX379;Chrlice;2018;WW;8.11;83.03;131;179
EX380;Chrlice;2018;WW;8.02;69.16;131;183
EX381;Chrlice;2018;WW;8.23;85.22;131;179
EX382;Chrlice;2018;WW;8.18;70.67;131;183
EX383;Chrlice;2018;WW;6.69;76.94;138;184
EX384;Chrlice;2018;WW;7.57;81.48;137;185
EX385;Chrlice;2018;WW;8.39;72.67;137;188
EX386;Chrlice;2018;WW;7.18;68.79;138;184
EX387;Chrlice;2019;WW;8.65;87.03;139;
EX388;Chrlice;2019;WW;8.33;86.17;139;
EX389;Chrlice;2019;WW;7.8;87.62;138;183
EX390;Chrlice;2019;WW;7.41;89.22;138;184
EX391;Chrlice;2020;WW;8.64;77.48;139;197
EX392;Chrlice;2020;WW;8.25;72.55;140;197
EX393;Chrlice;2020;WW;9.53;79.98;144;200
EX394;Chrlice;2020;WW;9.74;78.31;144;201
EX395;Chrlice;2020;WW;9.88;82.16;144;199
EX396;Chrlice;2020;WW;9.78;81.88;144;201
EX397;Chrlice;2021;WW;11.68;95.57;150;201
EX398;Chrlice;2021;WW;12.28;95.4;156;203
EX399;Chrlice;2022;WW;11.66;95.59;138;188
EX400;Chrlice;2022;WW;12.01;89.16;138;189
EX401;Chrlice;2022;WW;11.61;95.08;142;193
EX402;Chrlice;2022;WW;11;94.05;143;193
EX403;Chrlice;2022;WW;11.7;89.8;142;193
EX404;Chrlice;2023;WW;8.95;101.51;144;192
EX405;Chrlice;2023;WW;9.63;98.77;144;193
EX406;Chrlice;2023;WW;;97.16;149;198
EX407;Chrlice;2023;WW;;100.68;148;195
EX408;Chrlice;2023;WW;;95.62;149;198
EX409;Chrlice;2023;WW;;99;149;197
EX410;Chrlice;2024;WW;7.34;102.74;134;186
EX411;Chrlice;2024;WW;9.89;100.13;134;187
EX412;Chrlice;2024;WW;6.53;107.45;141;190
EX413;Chrlice;2024;WW;8.67;105.23;141;192
EX414;Chrlice;2024;WW;6.01;102.78;142;190
EX415;Chrlice;2024;WW;8.46;100.28;143;191
EX416;Dobrichovice;2016;WW;;102.28;149;
EX417;Dobrichovice;2016;WW;9.15;99.8;153;
EX418;Dobrichovice;2016;WW;9.67;100.41;153;
EX419;Dobrichovice;2019;WW;8.09;96.11;149;186
EX420;Dobrichovice;2019;WW;8.49;;150;188
EX421;Dobrichovice;2020;WW;11.34;97.65;148;203
EX422;Dobrichovice;2020;WW;9.63;;;200
EX423;Dobrichovice;2020;WW;11.27;95.24;;201
EX424;Dobrichovice;2020;WW;10.51;95.06;148;202
EX425;Dobrichovice;2020;WW;11.12;91.2;148;202
EX426;Dobrichovice;2020;WW;10.53;95.09;148;
EX427;Dobrichovice;2021;WW;;100.93;149;
EX428;Dobrichovice;2021;WW;10.3;98.65;153;
EX429;Dobrichovice;2021;WW;10.52;98.91;153;
EX430;Dobrichovice;2022;WW;;79.39;;
EX431;Dobrichovice;2023;WW;9.06;92.47;142;193
EX432;Dobrichovice;2023;WW;11.06;90.57;142;193
EX433;Dobrichovice;2023;WW;8.83;93.39;147;194
EX434;Dobrichovice;2023;WW;10.49;85.97;;194
EX435;Dobrichovice;2023;WW;10.39;;147;194
EX436;Dobrichovice;2024;WW;7.6;87.97;137;
EX437;Dobrichovice;2024;WW;9;;138;
EX438;Dobrichovice;2024;WW;8;86.32;136;
EX439;Dobrichovice;2024;WW;8.66;;137;
EX440;Domaninek;2009;WW;6.36;86.57;148;206
EX441;Domaninek;2009;WW;9.39;89.37;148;206
EX442;Domaninek;2010;WW;6.95;97;162;209
EX443;Domaninek;2010;WW;7.94;96.54;162;209
EX444;Domaninek;2011;WW;7.02;80.83;146;206
EX445;Domaninek;2011;WW;9;;146;206
EX446;Domaninek;2011;WW;7.89;81.29;148;211
EX447;Domaninek;2011;WW;9.33;;148;211
EX448;Domaninek;2012;WW;7.7;72.79;;
EX449;Domaninek;2012;WW;9.19;;;
EX450;Domaninek;2013;WW;;;160;225
EX451;Domaninek;2013;WW;;94.94;160;224
EX452;Domaninek;2014;WW;;105.34;148;
EX453;Domaninek;2014;WW;;;146;
EX454;Domaninek;2015;WW;;84.45;;204
EX455;Domaninek;2015;WW;;;;205
EX456;Domaninek;2016;WW;9.13;102.42;155;208
EX457;Domaninek;2016;WW;11.18;;156;208
EX458;Domaninek;2016;WW;11.2;;153;208
EX459;Domaninek;2017;WW;8.19;79.79;156;212
EX460;Domaninek;2017;WW;;;156;212
EX461;Domaninek;2018;WW;10.33;89.44;136;
EX462;Domaninek;2018;WW;10.79;;136;190
EX463;Hnevceves;2009;WW;11.19;87.9;146;211
EX464;Hnevceves;2010;WW;12.88;84.25;157;219
EX465;Hnevceves;2019;WW;11.41;95.21;144;198
EX466;Hnevceves;2019;WW;12.32;94.21;144;198
EX467;Horazdovice;2009;WW;6.85;103.5;145;207
EX468;Horazdovice;2009;WW;9.59;106.27;146;213
EX469;Horazdovice;2010;WW;7.62;106.33;152;207
EX470;Horazdovice;2010;WW;9.8;103;151;210
EX471;Horazdovice;2010;WW;7.73;105.23;157;210
EX472;Horazdovice;2010;WW;9.36;103.59;156;213
EX473;Horazdovice;2011;WW;9.28;94.74;148;213
EX474;Horazdovice;2011;WW;10.58;;148;216
EX475;Horazdovice;2012;WW;;70.7;148;
EX476;Horazdovice;2012;WW;;;148;
EX477;Horazdovice;2013;WW;6.21;96.79;161;212
EX478;Horazdovice;2013;WW;8.44;;161;217
EX479;Horazdovice;2014;WW;9.37;99.62;145;
EX480;Horazdovice;2014;WW;10.47;;142;
EX481;Horazdovice;2015;WW;7.65;;149;200
EX482;Horazdovice;2015;WW;8.67;;148;200
EX483;Horazdovice;2016;WW;10.07;102.48;148;210
EX484;Horazdovice;2016;WW;12.12;;148;211
EX485;Horazdovice;2017;WW;8.34;86.3;151;203
EX486;Horazdovice;2017;WW;7.95;;151;203
EX487;Horazdovice;2018;WW;6.06;74;136;
EX488;Horazdovice;2018;WW;6.71;;137;190
EX489;Hradec_d_Svitavou;2007;WW;9.54;93.52;142;197
EX490;Hradec_d_Svitavou;2007;WW;10.67;90.39;141;197
EX491;Hradec_d_Svitavou;2007;WW;9.35;98.86;143;198
EX492;Hradec_d_Svitavou;2007;WW;10.71;91.65;143;198
EX493;Hradec_d_Svitavou;2007;WW;10.83;97.02;144;199
EX494;Hradec_d_Svitavou;2008;WW;8.29;98.41;153;211
EX495;Hradec_d_Svitavou;2008;WW;9.9;90.51;154;211
EX496;Hradec_d_Svitavou;2008;WW;7.77;93.64;149;210
EX497;Hradec_d_Svitavou;2008;WW;8.4;89.7;150;210
EX498;Hradec_d_Svitavou;2008;WW;9.3;105.38;153;211
EX499;Hradec_d_Svitavou;2008;WW;10.34;98.57;153;211
EX500;Hradec_d_Svitavou;2009;WW;7.6;102.67;145;213
EX501;Hradec_d_Svitavou;2009;WW;8.91;94.82;145;213
EX502;Hradec_d_Svitavou;2009;WW;6.6;90.22;140;211
EX503;Hradec_d_Svitavou;2009;WW;8.77;89.26;141;211
EX504;Hradec_d_Svitavou;2010;WW;7.97;98.42;159;213
EX505;Hradec_d_Svitavou;2010;WW;10.52;92.06;160;216
EX506;Hradec_d_Svitavou;2010;WW;7.76;101.03;161;214
EX507;Hradec_d_Svitavou;2010;WW;10.4;93.27;161;216
EX508;Hradec_d_Svitavou;2011;WW;9.48;89.03;147;213
EX509;Hradec_d_Svitavou;2011;WW;10.9;;146;213
EX510;Hradec_d_Svitavou;2011;WW;10.29;93.53;149;213
EX511;Hradec_d_Svitavou;2011;WW;11.14;;149;214
EX512;Hradec_d_Svitavou;2012;WW;6.95;77.86;145;211
EX513;Hradec_d_Svitavou;2012;WW;8.29;;145;212
EX514;Hradec_d_Svitavou;2012;WW;7.97;84.26;148;212
EX515;Hradec_d_Svitavou;2012;WW;9.05;;149;214
EX516;Hradec_d_Svitavou;2013;WW;7.11;102.38;154;217
EX517;Hradec_d_Svitavou;2013;WW;8.8;;154;217
EX518;Hradec_d_Svitavou;2013;WW;7.86;99.62;160;218
EX519;Hradec_d_Svitavou;2013;WW;9.36;;161;218
EX520;Hradec_d_Svitavou;2014;WW;9.39;111.72;143;206
EX521;Hradec_d_Svitavou;2014;WW;11.81;;144;207
EX522;Hradec_d_Svitavou;2014;WW;9.3;108.57;143;206
EX523;Hradec_d_Svitavou;2014;WW;11.99;;144;207
EX524;Hradec_d_Svitavou;2014;WW;9.3;105.44;147;208
EX525;Hradec_d_Svitavou;2014;WW;11.73;;147;209
EX526;Hradec_d_Svitavou;2014;WW;11.88;;147;209
EX527;Hradec_d_Svitavou;2015;WW;9.4;100.12;149;204
EX528;Hradec_d_Svitavou;2015;WW;10.85;;150;205
EX529;Hradec_d_Svitavou;2015;WW;8.68;109.86;147;203
EX530;Hradec_d_Svitavou;2015;WW;10.62;;148;204
EX531;Hradec_d_Svitavou;2016;WW;8.46;109.57;149;211
EX532;Hradec_d_Svitavou;2016;WW;9.17;105.7;152;213
EX533;Hradec_d_Svitavou;2016;WW;10.9;99.08;149;212
EX534;Hradec_d_Svitavou;2016;WW;9.25;104.88;152;213
EX535;Hradec_d_Svitavou;2016;WW;11.18;97.93;152;214
EX536;Hradec_d_Svitavou;2016;WW;9.51;99.24;158;
EX537;Hradec_d_Svitavou;2016;WW;10.55;94.05;162;217
EX538;Hradec_d_Svitavou;2016;WW;10.31;93.2;162;217
EX539;Hradec_d_Svitavou;2017;WW;9.58;105.16;153;211
EX540;Hradec_d_Svitavou;2017;WW;11.7;93.84;154;212
EX541;Hradec_d_Svitavou;2017;WW;10.28;102.17;156;212
EX542;Hradec_d_Svitavou;2017;WW;10.17;102.92;157;213
EX543;Hradec_d_Svitavou;2017;WW;11.72;91.62;158;214
EX544;Hradec_d_Svitavou;2017;WW;11.97;90.35;156;213
EX545;Hradec_d_Svitavou;2018;WW;6.61;82.35;136;194
EX546;Hradec_d_Svitavou;2018;WW;8.03;73.16;137;195
EX547;Hradec_d_Svitavou;2018;WW;8.7;85.53;141;198
EX548;Hradec_d_Svitavou;2018;WW;10.03;76.51;142;198
EX549;Hradec_d_Svitavou;2018;WW;7.45;78.03;142;197
EX550;Hradec_d_Svitavou;2018;WW;8.43;71.44;143;198
EX551;Hradec_d_Svitavou;2019;WW;9.96;99.73;151;205
EX552;Hradec_d_Svitavou;2019;WW;10.78;97.45;152;206
EX553;Hradec_d_Svitavou;2019;WW;10.97;95.85;152;205
EX554;Hradec_d_Svitavou;2019;WW;8.92;99.99;150;204
EX555;Hradec_d_Svitavou;2019;WW;9.8;99.67;147;203
EX556;Hradec_d_Svitavou;2020;WW;8.6;104.69;145;213
EX557;Hradec_d_Svitavou;2020;WW;9.36;100.02;145;214
EX558;Hradec_d_Svitavou;2020;WW;8.49;96.63;150;215
EX559;Hradec_d_Svitavou;2020;WW;8.9;100.66;151;215
EX560;Hradec_d_Svitavou;2020;WW;9.78;95.15;151;215
EX561;Hradec_d_Svitavou;2020;WW;9.91;97.7;151;215
EX562;Hradec_d_Svitavou;2021;WW;11.15;90.24;158;215
EX563;Hradec_d_Svitavou;2021;WW;11.9;87.87;162;218
EX564;Hradec_d_Svitavou;2021;WW;11.24;85.03;162;218
EX565;Hradec_d_Svitavou;2022;WW;10.13;97.45;146;203
EX566;Hradec_d_Svitavou;2022;WW;11.59;91.27;147;203
EX567;Hradec_d_Svitavou;2022;WW;9.94;93.81;150;205
EX568;Hradec_d_Svitavou;2022;WW;12.51;89.51;151;206
EX569;Hradec_d_Svitavou;2022;WW;12.66;90.35;151;206
EX570;Hradec_d_Svitavou;2023;WW;11.27;100.38;148;204
EX571;Hradec_d_Svitavou;2023;WW;10.91;107.37;153;206
EX572;Hradec_d_Svitavou;2023;WW;11.7;99.14;153;207
EX573;Hradec_d_Svitavou;2023;WW;10.5;109.2;153;206
EX574;Hradec_d_Svitavou;2023;WW;11.46;102.72;153;207
EX575;Hradec_d_Svitavou;2023;WW;9.24;111;148;203
EX576;Hradec_d_Svitavou;2024;WW;7.81;89.52;132;195
EX577;Hradec_d_Svitavou;2024;WW;9.33;85.35;133;196
EX578;Hradec_d_Svitavou;2024;WW;8.14;101.23;140;199
EX579;Hradec_d_Svitavou;2024;WW;9.97;94.74;140;199
EX580;Hradec_d_Svitavou;2024;WW;8.41;100.93;140;199
EX581;Hradec_d_Svitavou;2024;WW;10.2;97.1;140;199
EX582;Hrubcice;2006;WW;8.37;95.19;156;
EX583;Hrubcice;2006;WW;8.54;91.49;156;
EX584;Hrubcice;2007;WW;;95.43;147;196
EX585;Hrubcice;2007;WW;;92.89;148;196
EX586;Hrubcice;2008;WW;10.5;91.15;144;200
EX587;Hrubcice;2008;WW;11.48;88.3;144;200
EX588;Hrubcice;2008;WW;11.18;92;150;201
EX589;Hrubcice;2008;WW;10.65;92;150;201
EX590;Hrubcice;2009;WW;9.24;83.59;135;201
EX591;Hrubcice;2009;WW;11.06;74.67;136;201
EX592;Hrubcice;2009;WW;8.51;86.36;139;203
EX593;Hrubcice;2009;WW;10.62;79.64;140;203
EX594;Hrubcice;2010;WW;7.21;94.92;148;202
EX595;Hrubcice;2010;WW;9.26;87.44;148;202
EX596;Hrubcice;2010;WW;;95.75;155;204
EX597;Hrubcice;2010;WW;;88.68;155;206
EX598;Hrubcice;2011;WW;10.45;95.07;148;207
EX599;Hrubcice;2011;WW;12.79;;150;209
EX600;Hrubcice;2011;WW;12.69;;150;210
EX601;Hrubcice;2011;WW;11.29;97.65;143;200
EX602;Hrubcice;2011;WW;13.25;;142;200
EX603;Hrubcice;2011;WW;13.28;;143;200
EX604;Hrubcice;2013;WW;7.63;98.08;159;211
EX605;Hrubcice;2013;WW;10.59;;159;210
EX606;Hrubcice;2013;WW;7.58;99.41;158;212
EX607;Hrubcice;2013;WW;7.47;96.26;150;204
EX608;Hrubcice;2013;WW;10.76;;150;208
EX609;Hrubcice;2013;WW;7.62;96.83;150;204
EX610;Hrubcice;2014;WW;9.42;111.52;138;196
EX611;Hrubcice;2014;WW;13;;139;196
EX612;Hrubcice;2014;WW;13.17;;144;200
EX613;Hrubcice;2014;WW;10.14;104.35;143;200
EX614;Hrubcice;2014;WW;12.18;;143;200
EX615;Hrubcice;2014;WW;11.07;104.75;143;199
EX616;Hrubcice;2015;WW;9.65;110.29;144;198
EX617;Hrubcice;2015;WW;12.8;;144;198
EX618;Hrubcice;2015;WW;11.2;105;147;201
EX619;Hrubcice;2015;WW;13.98;;147;201
EX620;Hrubcice;2016;WW;8.86;96.7;151;203
EX621;Hrubcice;2016;WW;10.82;91.85;152;202
EX622;Hrubcice;2016;WW;9.08;98.74;150;201
EX623;Hrubcice;2016;WW;11.17;94.14;150;201
EX624;Hrubcice;2016;WW;11.27;86.83;154;203
EX625;Hrubcice;2016;WW;10.44;84.31;160;204
EX626;Hrubcice;2016;WW;10.83;84.83;159;207
EX627;Hrubcice;2017;WW;7.32;87.16;145;196
EX628;Hrubcice;2017;WW;7.09;86.48;147;197
EX629;Hrubcice;2017;WW;6.96;82.23;148;198
EX630;Hrubcice;2018;WW;7.2;91.77;139;186
EX631;Hrubcice;2018;WW;9.1;85.37;140;186
EX632;Hrubcice;2019;WW;;98.88;138;190
EX633;Hrubcice;2019;WW;;94.73;139;190
EX634;Hrubcice;2019;WW;;95.33;144;194
EX635;Hrubcice;2019;WW;;94.3;144;194
EX636;Hrubcice;2019;WW;;98.28;144;195
EX637;Hrubcice;2019;WW;;;144;195
EX638;Hrubcice;2020;WW;10.63;98.86;145;204
EX639;Hrubcice;2020;WW;11.44;96.56;146;204
EX640;Hrubcice;2020;WW;10.4;97.9;148;207
EX641;Hrubcice;2020;WW;11.12;97.01;148;208
EX642;Hrubcice;2021;WW;11.79;75.22;155;203
EX643;Hrubcice;2021;WW;11.36;78.38;160;205
EX644;Hrubcice;2021;WW;10.3;78.05;160;207
EX645;Hrubcice;2022;WW;11.81;92.99;143;200
EX646;Hrubcice;2022;WW;12.28;89.68;144;200
EX647;Hrubcice;2022;WW;12.27;92.22;145;199
EX648;Hrubcice;2022;WW;12.36;88.92;146;199
EX649;Hrubcice;2024;WW;7.33;94.57;130;190
EX650;Hrubcice;2024;WW;6.99;100.4;139;192
EX651;Hrubcice;2024;WW;11.09;95.11;137;192
EX652;Ivanovice;2009;WW;9.17;80.07;141;205
EX653;Ivanovice;2010;WW;6.65;90.82;157;220
EX654;Jaromerice_d_Rokytnou;2006;WW;7.91;98.82;159;210
EX655;Jaromerice_d_Rokytnou;2006;WW;9.59;91.57;160;210
EX656;Jaromerice_d_Rokytnou;2006;WW;8.07;96.26;159;210
EX657;Jaromerice_d_Rokytnou;2006;WW;9.36;90.41;160;210
EX658;Jaromerice_d_Rokytnou;2006;WW;7.61;90.94;154;207
EX659;Jaromerice_d_Rokytnou;2006;WW;10.09;89.72;154;207
EX660;Jaromerice_d_Rokytnou;2007;WW;9;95.22;137;195
EX661;Jaromerice_d_Rokytnou;2007;WW;10.79;89.87;139;196
EX662;Jaromerice_d_Rokytnou;2007;WW;10.11;91.12;143;196
EX663;Jaromerice_d_Rokytnou;2007;WW;8.36;94.58;142;195
EX664;Jaromerice_d_Rokytnou;2007;WW;9.92;87.8;142;198
EX665;Jaromerice_d_Rokytnou;2007;WW;8.84;97.29;141;198
EX666;Jaromerice_d_Rokytnou;2008;WW;7.69;98.27;147;201
EX667;Jaromerice_d_Rokytnou;2008;WW;8.11;91.88;147;201
EX668;Jaromerice_d_Rokytnou;2008;WW;6.36;96.47;152;209
EX669;Jaromerice_d_Rokytnou;2008;WW;8.44;98.67;151;209
EX670;Jaromerice_d_Rokytnou;2008;WW;8.22;90.36;152;209
EX671;Jaromerice_d_Rokytnou;2008;WW;9.22;93.52;152;208
EX672;Jaromerice_d_Rokytnou;2009;WW;10.85;85.74;144;211
EX673;Jaromerice_d_Rokytnou;2009;WW;8.74;90.19;138;203
EX674;Jaromerice_d_Rokytnou;2009;WW;10.37;81.74;139;206
EX675;Jaromerice_d_Rokytnou;2009;WW;8.92;91.56;144;210
EX676;Jaromerice_d_Rokytnou;2009;WW;10.82;85.72;145;210
EX677;Jaromerice_d_Rokytnou;2010;WW;8.7;99.68;157;215
EX678;Jaromerice_d_Rokytnou;2010;WW;10.95;91.05;158;215
EX679;Jaromerice_d_Rokytnou;2010;WW;8.84;96.33;156;214
EX680;Jaromerice_d_Rokytnou;2010;WW;10.66;90.69;157;215
EX681;Jaromerice_d_Rokytnou;2010;WW;9.17;96.9;152;208
EX682;Jaromerice_d_Rokytnou;2010;WW;11.08;88.33;152;209
EX683;Jaromerice_d_Rokytnou;2011;WW;9.59;83.05;147;210
EX684;Jaromerice_d_Rokytnou;2011;WW;10.6;;147;209
EX685;Jaromerice_d_Rokytnou;2011;WW;9.88;83.24;149;211
EX686;Jaromerice_d_Rokytnou;2011;WW;10.83;;148;213
EX687;Jaromerice_d_Rokytnou;2012;WW;8.73;69.23;144;199
EX688;Jaromerice_d_Rokytnou;2012;WW;7.66;;145;200
EX689;Jaromerice_d_Rokytnou;2012;WW;7.36;72.63;147;205
EX690;Jaromerice_d_Rokytnou;2012;WW;10.54;;147;206
EX691;Jaromerice_d_Rokytnou;2013;WW;8.88;101.48;157;
EX692;Jaromerice_d_Rokytnou;2013;WW;10.85;;157;216
EX693;Jaromerice_d_Rokytnou;2013;WW;8.71;100.52;157;215
EX694;Jaromerice_d_Rokytnou;2013;WW;10.38;;157;216
EX695;Jaromerice_d_Rokytnou;2013;WW;8.47;101;151;209
EX696;Jaromerice_d_Rokytnou;2013;WW;10.72;;151;210
EX697;Jaromerice_d_Rokytnou;2014;WW;11.07;;144;208
EX698;Jaromerice_d_Rokytnou;2014;WW;9.49;107.32;140;201
EX699;Jaromerice_d_Rokytnou;2014;WW;11.16;;141;203
EX700;Jaromerice_d_Rokytnou;2014;WW;9.8;101.68;144;207
EX701;Jaromerice_d_Rokytnou;2014;WW;10.65;102.04;144;205
EX702;Jaromerice_d_Rokytnou;2014;WW;12.22;;145;206
EX703;Jaromerice_d_Rokytnou;2015;WW;9.38;94.39;150;202
EX704;Jaromerice_d_Rokytnou;2015;WW;9.96;;150;202
EX705;Jaromerice_d_Rokytnou;2016;WW;9.72;104.24;148;204
EX706;Jaromerice_d_Rokytnou;2016;WW;9.74;95.22;148;204
EX707;Jaromerice_d_Rokytnou;2016;WW;9.44;92.36;151;206
EX708;Jaromerice_d_Rokytnou;2016;WW;9.76;88.82;151;206
EX709;Jaromerice_d_Rokytnou;2016;WW;9.14;92.49;151;207
EX710;Jaromerice_d_Rokytnou;2016;WW;10.88;95.51;151;207
EX711;Jaromerice_d_Rokytnou;2016;WW;9.97;88.07;158;211
EX712;Jaromerice_d_Rokytnou;2016;WW;11.28;91.59;160;212
EX713;Jaromerice_d_Rokytnou;2016;WW;9.74;94.52;155;208
EX714;Jaromerice_d_Rokytnou;2017;WW;5.37;69.08;150;199
EX715;Jaromerice_d_Rokytnou;2017;WW;5.85;68.95;150;199
EX716;Jaromerice_d_Rokytnou;2017;WW;5.1;66.1;150;200
EX717;Jaromerice_d_Rokytnou;2017;WW;5.36;72.97;148;198
EX718;Jaromerice_d_Rokytnou;2017;WW;5.29;71.31;148;198
EX719;Jaromerice_d_Rokytnou;2017;WW;5;69.63;150;200
EX720;Jaromerice_d_Rokytnou;2017;WW;5.48;72.13;150;200
EX721;Jaromerice_d_Rokytnou;2018;WW;8.99;89.44;140;200
EX722;Jaromerice_d_Rokytnou;2018;WW;9.8;83.89;140;200
EX723;Jaromerice_d_Rokytnou;2018;WW;9.38;92.46;139;198
EX724;Jaromerice_d_Rokytnou;2018;WW;10.02;86.96;139;199
EX725;Jaromerice_d_Rokytnou;2019;WW;9.13;95.2;152;205
EX726;Jaromerice_d_Rokytnou;2019;WW;8.9;91;152;206
EX727;Jaromerice_d_Rokytnou;2019;WW;8.65;99.37;151;205
EX728;Jaromerice_d_Rokytnou;2019;WW;8.75;97.31;151;205
EX729;Jaromerice_d_Rokytnou;2020;WW;10.26;99.9;151;217
EX730;Jaromerice_d_Rokytnou;2020;WW;11.93;95.25;151;218
EX731;Jaromerice_d_Rokytnou;2020;WW;10.99;97.42;152;218
EX732;Jaromerice_d_Rokytnou;2020;WW;10.86;93.71;145;212
EX733;Jaromerice_d_Rokytnou;2021;WW;10.68;84.58;159;211
EX734;Jaromerice_d_Rokytnou;2021;WW;12.49;90.88;160;213
EX735;Jaromerice_d_Rokytnou;2021;WW;10.75;92.27;155;208
EX736;Jaromerice_d_Rokytnou;2022;WW;10.12;79.49;144;201
EX737;Jaromerice_d_Rokytnou;2022;WW;10.76;77.98;145;201
EX738;Jaromerice_d_Rokytnou;2022;WW;9.99;81.33;143;201
EX739;Jaromerice_d_Rokytnou;2022;WW;10.22;78.2;144;202
EX740;Jaromerice_d_Rokytnou;2022;WW;11.81;86.91;141;199
EX741;Jaromerice_d_Rokytnou;2022;WW;12.53;82.73;142;199
EX742;Jaromerice_d_Rokytnou;2023;WW;9.51;100.22;151;209
EX743;Jaromerice_d_Rokytnou;2023;WW;9.58;97.12;151;209
EX744;Jaromerice_d_Rokytnou;2023;WW;8.78;101.55;147;207
EX745;Jaromerice_d_Rokytnou;2023;WW;10.46;103.64;147;208
EX746;Jaromerice_d_Rokytnou;2023;WW;9.11;107.28;151;210
EX747;Jaromerice_d_Rokytnou;2023;WW;10.22;105.39;151;211
EX748;Jaromerice_d_Rokytnou;2024;WW;7.93;90.91;138;196
EX749;Jaromerice_d_Rokytnou;2024;WW;9.42;88.91;138;195
EX750;Jaromerice_d_Rokytnou;2024;WW;8.03;99.13;145;198
EX751;Jaromerice_d_Rokytnou;2024;WW;9.26;97.47;145;199
EX752;Jaromerice_d_Rokytnou;2024;WW;8.31;98.58;144;199
EX753;Jaromerice_d_Rokytnou;2024;WW;9.44;97.15;145;199
EX754;Krasne_Udoli;2009;WW;7.54;100.43;162;222
EX755;Krasne_Udoli;2009;WW;8.97;101.37;163;230
EX756;Krasne_Udoli;2010;WW;6.71;94.71;166;221
EX757;Krasne_Udoli;2010;WW;8.09;95.82;166;229
EX758;Kromeriz;2009;WW;9.12;80.8;139;205
EX759;Kromeriz;2010;WW;7.6;83.86;153;213
EX760;Kujavy;2009;WW;9.41;102.3;143;213
EX761;Kujavy;2009;WW;7.37;106.57;143;208
EX762;Kujavy;2010;WW;6.32;93.64;155;211
EX763;Kujavy;2010;WW;8.11;81.71;156;212
EX764;Kujavy;2011;WW;8.89;96.48;148;206
EX765;Kujavy;2011;WW;10.69;;148;208
EX766;Kujavy;2013;WW;10;;153;209
EX767;Kujavy;2013;WW;7.42;100.85;151;207
EX768;Kujavy;2014;WW;8.78;93.78;139;197
EX769;Kujavy;2014;WW;10.9;;135;197
EX770;Kujavy;2015;WW;;100.58;143;200
EX771;Kujavy;2015;WW;;;144;201
EX772;Kujavy;2016;WW;7.31;96.88;139;196
EX773;Kujavy;2016;WW;8;90.12;140;197
EX774;Kujavy;2017;WW;9.65;102.7;150;206
EX775;Kujavy;2017;WW;10.85;99.91;150;207
EX776;Kujavy;2018;WW;8.84;83.33;133;184
EX777;Kujavy;2018;WW;9.93;73.56;133;185
EX778;Lednice;2006;WW;9.13;101.74;148;194
EX779;Lednice;2006;WW;11.02;100.5;144;193
EX780;Lednice;2006;WW;9.51;101.39;149;196
EX781;Lednice;2006;WW;9.96;105.21;149;197
EX782;Lednice;2006;WW;10.06;101.98;149;199
EX783;Lednice;2007;WW;;95.25;135;185
EX784;Lednice;2007;WW;;95.06;135;185
EX785;Lednice;2008;WW;;107.17;143;192
EX786;Lednice;2008;WW;;109.84;141;191
EX787;Lednice;2008;WW;;105.27;143;192
EX788;Lednice;2009;WW;8.47;87.15;131;190
EX789;Lednice;2009;WW;9.39;72.81;131;190
EX790;Lednice;2009;WW;8.52;88.96;136;192
EX791;Lednice;2009;WW;10.42;78.33;137;198
EX792;Lednice;2010;WW;6.15;92.03;143;196
EX793;Lednice;2010;WW;9.22;76.41;143;198
EX794;Lednice;2010;WW;6.8;93;149;201
EX795;Lednice;2010;WW;9.84;81.48;150;202
EX796;Lednice;2010;WW;6.38;95.32;148;200
EX797;Lednice;2010;WW;9.6;80.66;149;201
EX798;Lednice;2011;WW;8.3;94.57;143;194
EX799;Lednice;2011;WW;9.9;;144;194
EX800;Lednice;2012;WW;3.77;53.67;136;
EX801;Lednice;2012;WW;4.53;;136;
EX802;Lednice;2012;WW;3.49;54.33;136;206
EX803;Lednice;2012;WW;4.38;;136;207
EX804;Lednice;2012;WW;4.34;59.72;;203
EX805;Lednice;2012;WW;4.96;;;202
EX806;Lednice;2013;WW;8.61;100.1;138;198
EX807;Lednice;2013;WW;10.01;;139;199
EX808;Lednice;2013;WW;8.73;102.15;143;203
EX809;Lednice;2013;WW;10.92;;145;205
EX810;Lednice;2014;WW;7.49;112.28;128;190
EX811;Lednice;2014;WW;9.53;;129;192
EX812;Lednice;2014;WW;7.32;105.6;135;
EX813;Lednice;2014;WW;8.98;;136;
EX814;Lednice;2014;WW;8.14;106.23;135;
EX815;Lednice;2014;WW;9.28;;136;
EX816;Lednice;2015;WW;9.24;109.43;134;189
EX817;Lednice;2015;WW;11.09;;134;190
EX818;Lednice;2015;WW;10.03;105.92;139;195
EX819;Lednice;2015;WW;12.2;;140;196
EX820;Lednice;2016;WW;8.88;104.38;141;192
EX821;Lednice;2016;WW;12.4;104.51;140;193
EX822;Lednice;2016;WW;9.09;102.09;144;195
EX823;Lednice;2016;WW;12.14;99.79;145;197
EX824;Lednice;2016;WW;8.9;104.49;144;195
EX825;Lednice;2016;WW;12.65;97.15;145;197
EX826;Lednice;2016;WW;10.05;96.74;146;194
EX827;Lednice;2017;WW;4.74;84.3;138;185
EX828;Lednice;2017;WW;5.68;80.92;139;185
EX829;Lednice;2017;WW;4.92;81.36;143;186
EX830;Lednice;2017;WW;5.27;76.21;144;189
EX831;Lednice;2017;WW;5.48;76.15;143;189
EX832;Lednice;2018;WW;6.41;87.7;132;174
EX833;Lednice;2018;WW;7.35;89.11;129;170
EX834;Lednice;2018;WW;6.93;88.33;133;176
EX835;Lednice;2018;WW;6.52;89.88;133;173
EX836;Lednice;2019;WW;7.92;102.64;134;183
EX837;Lednice;2019;WW;;104.38;142;189
EX838;Lednice;2019;WW;9.23;100.06;135;
EX839;Lednice;2019;WW;;101.47;141;187
EX840;Lednice;2019;WW;;102.57;143;191
EX841;Lednice;2019;WW;;100.32;141;189
EX842;Lednice;2020;WW;10.51;94.69;137;196
EX843;Lednice;2020;WW;11.13;96.54;140;199
EX844;Lednice;2020;WW;11.19;96.39;137;198
EX845;Lednice;2020;WW;11.71;97.94;140;201
EX846;Lednice;2021;WW;10.85;95.07;141;192
EX847;Lednice;2021;WW;10.87;93.5;148;196
EX848;Lednice;2022;WW;6.86;79.92;138;183
EX849;Lednice;2022;WW;6.93;77.59;139;184
EX850;Lednice;2022;WW;8.06;77.3;135;181
EX851;Lednice;2022;WW;7.23;73.77;140;185
EX852;Lednice;2022;WW;7.61;75.63;139;184
EX853;Lednice;2023;WW;8.05;106.33;143;192
EX854;Lednice;2023;WW;10.25;103.18;143;194
EX855;Lednice;2024;WW;7.42;96.98;124;178
EX856;Lednice;2024;WW;6.56;104.8;132;182
EX857;Lednice;2024;WW;9.53;;130;183
EX858;Libejovice;2007;WW;7.24;92.37;138;196
EX859;Libejovice;2007;WW;7.86;92.22;139;196
EX860;Libejovice;2008;WW;7.59;102.79;152;207
EX861;Libejovice;2008;WW;9.65;94.57;152;209
EX862;Libejovice;2009;WW;6.54;95.38;146;213
EX863;Libejovice;2009;WW;8.71;98.04;146;217
EX864;Libejovice;2010;WW;6.71;101.54;156;216
EX865;Libejovice;2010;WW;9.34;88.37;157;218
EX866;Libejovice;2011;WW;10.19;90.83;147;217
EX867;Libejovice;2011;WW;11.23;;148;219
EX868;Libejovice;2016;WW;;;159;208
EX869;Libejovice;2016;WW;;;160;208
EX870;Lipa;2007;WW;7.1;80.61;138;192
EX871;Lipa;2007;WW;7.61;68.74;140;193
EX872;Lipa;2007;WW;6.99;82.63;142;194
EX873;Lipa;2007;WW;7.28;74.29;143;195
EX874;Lipa;2007;WW;6.97;88.98;142;195
EX875;Lipa;2007;WW;7.84;80.72;142;196
EX876;Lipa;2008;WW;9.8;85.44;152;212
EX877;Lipa;2008;WW;7.98;98.88;148;205
EX878;Lipa;2008;WW;8.29;83.12;148;207
EX879;Lipa;2008;WW;7.91;98.93;152;209
EX880;Lipa;2009;WW;6.3;87.86;145;209
EX881;Lipa;2009;WW;8.16;83.76;145;213
EX882;Lipa;2009;WW;6.6;86.41;141;207
EX883;Lipa;2009;WW;7.97;78.85;140;209
EX884;Lipa;2010;WW;7.07;87.85;156;209
EX885;Lipa;2010;WW;8.77;81.88;157;211
EX886;Lipa;2010;WW;7.49;93.22;159;210
EX887;Lipa;2010;WW;9.41;86.15;160;212
EX888;Lipa;2012;WW;;79.57;149;209
EX889;Lipa;2012;WW;;;150;209
EX890;Lipa;2012;WW;;76.87;;
EX891;Lipa;2012;WW;;83.61;;
EX892;Lipa;2012;WW;10.56;;;
EX893;Lipa;2013;WW;7.03;96.41;154;210
EX894;Lipa;2013;WW;8.42;;155;211
EX895;Lipa;2013;WW;7.93;93.62;160;211
EX896;Lipa;2013;WW;9.71;;161;214
EX897;Lipa;2013;WW;7.51;91.96;160;
EX898;Lipa;2013;WW;9.21;;160;
EX899;Lipa;2014;WW;8.01;102.39;144;
EX900;Lipa;2014;WW;10.14;;145;
EX901;Lipa;2014;WW;8.29;96.48;;
EX902;Lipa;2014;WW;10.7;;;
EX903;Lipa;2015;WW;7.55;104.71;149;211
EX904;Lipa;2015;WW;10.27;;150;211
EX905;Lipa;2015;WW;8.09;97.65;;211
EX906;Lipa;2015;WW;10.84;;;213
EX907;Lipa;2016;WW;9.29;88.3;163;220
EX908;Lipa;2016;WW;9.2;87.12;163;221
EX909;Lipa;2016;WW;8.71;82.24;150;213
EX910;Lipa;2016;WW;8.32;90.73;147;212
EX911;Lipa;2016;WW;10.53;77.82;151;215
EX912;Lipa;2016;WW;9.84;80.16;148;214
EX913;Lipa;2016;WW;9.45;93.1;151;213
EX914;Lipa;2016;WW;11.84;85.39;151;215
EX915;Lipa;2017;WW;8.72;92.53;152;210
EX916;Lipa;2017;WW;10.64;82.94;153;210
EX917;Lipa;2017;WW;9.15;93.2;151;209
EX918;Lipa;2017;WW;10.59;84.92;152;210
EX919;Lipa;2018;WW;9.12;90.57;136;194
EX920;Lipa;2018;WW;9.88;84.19;136;194
EX921;Lipa;2018;WW;;79.98;140;199
EX922;Lipa;2018;WW;;78.44;140;199
EX923;Lipa;2018;WW;9.18;90.56;141;200
EX924;Lipa;2018;WW;9.89;80.32;141;198
EX925;Lipa;2019;WW;9.2;108.94;150;199
EX926;Lipa;2019;WW;10.34;106.88;151;200
EX927;Lipa;2019;WW;9.93;104.75;154;201
EX928;Lipa;2019;WW;10.47;102.9;155;202
EX929;Lipa;2019;WW;10.06;100.62;154;202
EX930;Lipa;2019;WW;11.34;97.59;154;202
EX931;Lipa;2020;WW;5.43;105.97;149;217
EX932;Lipa;2020;WW;6.2;103.93;146;218
EX933;Lipa;2020;WW;5.51;106.62;151;217
EX934;Lipa;2020;WW;6.76;103.45;152;
EX935;Lipa;2020;WW;6.95;103.69;152;219
EX936;Lipa;2021;WW;10.2;83.7;;221
EX937;Lipa;2021;WW;10.05;78.88;;222
EX938;Lipa;2021;WW;10.47;93;155;207
EX939;Lipa;2022;WW;9.48;88.62;;203
EX940;Lipa;2022;WW;6.56;85.03;144;200
EX941;Lipa;2022;WW;7.45;77.68;143;201
EX942;Lipa;2022;WW;7.04;88.4;;201
EX943;Lipa;2022;WW;7.19;80.07;146;201
EX944;Lipa;2023;WW;8.25;100.44;152;213
EX945;Lipa;2023;WW;8.85;98.41;155;215
EX946;Lipa;2023;WW;9.6;97.13;153;213
EX947;Lipa;2023;WW;9.25;95.05;156;216
EX948;Lipa;2024;WW;7.14;91.5;134;195
EX949;Lipa;2024;WW;8.36;99.5;141;197
EX950;Lipa;2024;WW;7.57;95.55;140;199
EX951;Lipa;2024;WW;9.52;90.77;139;197
EX952;Lipa;2024;WW;9.2;92.35;141;200
EX953;Nechanice;2009;WW;;89.47;140;207
EX954;Nechanice;2010;WW;9.28;77.67;141;201
EX955;Nechanice;2010;WW;8.99;80.95;154;204
EX956;Nechanice;2011;WW;9.54;84.89;150;221
EX957;Nechanice;2011;WW;10.27;;149;222
EX958;Nechanice;2012;WW;4.99;77.72;;
EX959;Nechanice;2012;WW;4.19;;;
EX960;Nechanice;2013;WW;8;98.15;161;223
EX961;Nechanice;2013;WW;9.14;;;224
EX962;Nechanice;2014;WW;7.91;99.12;142;
EX963;Nechanice;2014;WW;8.31;;;
EX964;Nechanice;2015;WW;8.6;96.88;144;200
EX965;Nechanice;2015;WW;12.15;;145;201
EX966;Nechanice;2016;WW;;95.39;149;200
EX967;Nechanice;2016;WW;;83.64;149;200
EX968;Nechanice;2017;WW;7.58;88.06;148;199
EX969;Nechanice;2017;WW;9.63;78.7;149;199
EX970;Nechanice;2018;WW;5.34;74.56;133;184
EX971;Nechanice;2018;WW;6.67;72.11;133;185
EX972;Puste_Jakartice;2006;WW;9.14;87.22;152;209
EX973;Puste_Jakartice;2006;WW;8;100.12;157;208
EX974;Puste_Jakartice;2006;WW;9.59;88.4;158;212
EX975;Puste_Jakartice;2006;WW;8.19;101.28;157;209
EX976;Puste_Jakartice;2006;WW;9.67;91.48;158;212
EX977;Puste_Jakartice;2006;WW;7.69;98.33;152;206
EX978;Puste_Jakartice;2007;WW;9.73;97.52;135;194
EX979;Puste_Jakartice;2007;WW;10.34;85.65;136;196
EX980;Puste_Jakartice;2007;WW;9.67;98.87;139;196
EX981;Puste_Jakartice;2007;WW;10.73;88.33;140;197
EX982;Puste_Jakartice;2007;WW;9.34;96.22;139;195
EX983;Puste_Jakartice;2007;WW;10.47;87.92;139;197
EX984;Puste_Jakartice;2009;WW;7.9;97.48;138;203
EX985;Puste_Jakartice;2009;WW;7.92;101.03;143;207
EX986;Puste_Jakartice;2009;WW;;99.54;142;205
EX987;Puste_Jakartice;2009;WW;9.82;87.04;139;207
EX988;Puste_Jakartice;2009;WW;;93.88;143;209
EX989;Puste_Jakartice;2009;WW;9.78;92.33;143;212
EX990;Puste_Jakartice;2010;WW;9.22;82.28;152;209
EX991;Puste_Jakartice;2010;WW;7.04;92.75;157;210
EX992;Puste_Jakartice;2010;WW;6.68;92.23;157;208
EX993;Puste_Jakartice;2010;WW;9.41;90.02;157;213
EX994;Puste_Jakartice;2010;WW;6.71;88.69;150;205
EX995;Puste_Jakartice;2011;WW;10.19;93.56;145;207
EX996;Puste_Jakartice;2011;WW;11.15;;144;210
EX997;Puste_Jakartice;2011;WW;9.58;90.8;146;207
EX998;Puste_Jakartice;2011;WW;11.03;;148;211
EX999;Puste_Jakartice;2011;WW;11.77;;148;215
EX1000;Puste_Jakartice;2012;WW;6.97;80.78;148;
EX1001;Puste_Jakartice;2012;WW;7.27;;149;206
EX1002;Puste_Jakartice;2012;WW;6.62;79.26;144;202
EX1003;Puste_Jakartice;2012;WW;6.83;;145;204
EX1004;Puste_Jakartice;2012;WW;7.02;82.33;149;204
EX1005;Puste_Jakartice;2013;WW;7.41;94.38;151;209
EX1006;Puste_Jakartice;2013;WW;7.23;91.83;158;214
EX1007;Puste_Jakartice;2013;WW;7.43;93.3;158;214
EX1008;Puste_Jakartice;2013;WW;9.19;;158;219
EX1009;Puste_Jakartice;2013;WW;9.19;;159;220
EX1010;Puste_Jakartice;2014;WW;10.07;;139;
EX1011;Puste_Jakartice;2014;WW;9.42;105.44;141;201
EX1012;Puste_Jakartice;2014;WW;9.77;104.69;141;202
EX1013;Puste_Jakartice;2014;WW;10.76;;141;206
EX1014;Puste_Jakartice;2014;WW;8.74;106.12;138;201
EX1015;Puste_Jakartice;2015;WW;9.35;106.57;142;202
EX1016;Puste_Jakartice;2015;WW;9.8;101.81;146;202
EX1017;Puste_Jakartice;2015;WW;11.05;;146;203
EX1018;Puste_Jakartice;2016;WW;9.22;104.14;147;204
EX1019;Puste_Jakartice;2016;WW;10.5;102.46;148;204
EX1020;Puste_Jakartice;2016;WW;11.32;99.87;147;206
EX1021;Puste_Jakartice;2016;WW;11.05;96.96;148;205
EX1022;Puste_Jakartice;2016;WW;10.44;99.41;158;209
EX1023;Puste_Jakartice;2016;WW;9.76;101.15;153;203
EX1024;Puste_Jakartice;2018;WW;9.13;93.08;134;190
EX1025;Puste_Jakartice;2018;WW;9.01;92.33;136;191
EX1026;Puste_Jakartice;2018;WW;10.54;83.06;136;192
EX1027;Puste_Jakartice;2018;WW;11.11;85.35;138;194
EX1028;Puste_Jakartice;2019;WW;;100.15;142;190
EX1029;Puste_Jakartice;2019;WW;;101.95;146;192
EX1030;Puste_Jakartice;2019;WW;;;147;194
EX1031;Puste_Jakartice;2019;WW;;;145;193
EX1032;Puste_Jakartice;2020;WW;8.8;98.45;142;208
EX1033;Puste_Jakartice;2020;WW;;100.63;148;209
EX1034;Puste_Jakartice;2020;WW;;100.22;148;208
EX1035;Puste_Jakartice;2020;WW;9.36;104.74;142;205
EX1036;Puste_Jakartice;2020;WW;;103.81;149;208
EX1037;Puste_Jakartice;2020;WW;;106.44;148;208
EX1038;Puste_Jakartice;2021;WW;11.61;86.89;153;207
EX1039;Puste_Jakartice;2021;WW;12.4;90.63;158;211
EX1040;Puste_Jakartice;2021;WW;12.01;90.64;158;212
EX1041;Puste_Jakartice;2022;WW;10.91;90.57;145;202
EX1042;Puste_Jakartice;2022;WW;10.61;91.68;141;198
EX1043;Puste_Jakartice;2022;WW;11.61;84.3;142;200
EX1044;Puste_Jakartice;2022;WW;10.39;92.65;144;201
EX1045;Puste_Jakartice;2022;WW;11.9;87.51;145;202
EX1046;Puste_Jakartice;2023;WW;11.35;108.84;147;208
EX1047;Puste_Jakartice;2023;WW;12.18;101.78;148;210
EX1048;Puste_Jakartice;2023;WW;10.34;108.49;143;205
EX1049;Puste_Jakartice;2023;WW;12.15;96.96;144;207
EX1050;Puste_Jakartice;2023;WW;;101.8;149;210
EX1051;Puste_Jakartice;2023;WW;;106.93;148;208
EX1052;Stankov;2006;WW;7.84;93.59;159;198
EX1053;Stankov;2006;WW;6.73;104.12;157;198
EX1054;Stankov;2006;WW;8.69;89.35;158;199
EX1055;Stankov;2006;WW;8.64;78.22;161;200
EX1056;Stankov;2007;WW;8.8;86.65;138;190
EX1057;Stankov;2007;WW;10.16;77.26;139;190
EX1058;Stankov;2007;WW;9.76;90.31;138;191
EX1059;Stankov;2007;WW;10.14;82.39;134;191
EX1060;Stankov;2007;WW;12.25;86.65;140;193
EX1061;Stankov;2008;WW;11.4;100.76;153;204
EX1062;Stankov;2008;WW;8.37;105.79;152;201
EX1063;Stankov;2008;WW;10.24;102.17;153;202
EX1064;Stankov;2008;WW;8.82;110.26;150;202
EX1065;Stankov;2008;WW;11.02;109.24;148;200
EX1066;Stankov;2009;WW;7.44;105.47;150;207
EX1067;Stankov;2009;WW;10.53;99.45;151;214
EX1068;Stankov;2009;WW;7.32;105.34;148;208
EX1069;Stankov;2009;WW;9.78;99.29;150;215
EX1070;Stankov;2009;WW;6.85;106.15;143;203
EX1071;Stankov;2009;WW;10.65;94.19;144;208
EX1072;Stankov;2010;WW;8.94;101;156;207
EX1073;Stankov;2010;WW;10.52;95.36;156;208
EX1074;Stankov;2011;WW;9.21;85.66;148;208
EX1075;Stankov;2011;WW;10.82;;149;211
EX1076;Stankov;2011;WW;7.95;83.2;146;209
EX1077;Stankov;2011;WW;9.3;;147;211
EX1078;Stankov;2011;WW;8.97;87.5;143;204
EX1079;Stankov;2012;WW;7.91;86.93;149;208
EX1080;Stankov;2012;WW;10.29;;150;209
EX1081;Stankov;2012;WW;9.58;;150;
EX1082;Stankov;2012;WW;8.31;95.86;145;
EX1083;Stankov;2012;WW;8.86;;145;
EX1084;Stankov;2012;WW;8;91.3;149;
EX1085;Stankov;2013;WW;6.74;104.33;160;
EX1086;Stankov;2013;WW;8.96;;158;
EX1087;Stankov;2013;WW;5.58;107.97;154;206
EX1088;Stankov;2013;WW;8.02;;154;207
EX1089;Stankov;2013;WW;6.53;105.12;160;208
EX1090;Stankov;2013;WW;8.82;;159;209
EX1091;Stankov;2013;WW;8.3;;161;209
EX1092;Stankov;2014;WW;9.89;109.52;147;
EX1093;Stankov;2014;WW;10.84;;148;
EX1094;Stankov;2014;WW;9.07;120.6;143;
EX1095;Stankov;2014;WW;11.56;;143;
EX1096;Stankov;2014;WW;9.37;105.84;145;
EX1097;Stankov;2014;WW;10.62;;146;205
EX1098;Stankov;2015;WW;7.79;108;142;200
EX1099;Stankov;2015;WW;9.99;;144;201
EX1100;Stankov;2015;WW;8.93;102.77;147;199
EX1101;Stankov;2015;WW;9.95;;148;201
EX1102;Stankov;2016;WW;9.27;98.63;158;205
EX1103;Stankov;2016;WW;9.96;97.52;157;206
EX1104;Stankov;2016;WW;8.67;88.93;153;202
EX1105;Stankov;2016;WW;9.14;96.1;149;
EX1106;Stankov;2016;WW;11.39;90.5;149;
EX1107;Stankov;2017;WW;;72.2;151;192
EX1108;Stankov;2017;WW;;65.23;151;192
EX1109;Stankov;2017;WW;;70.81;152;193
EX1110;Stankov;2017;WW;;65.94;153;193
EX1111;Stankov;2017;WW;;;153;192
EX1112;Stankov;2017;WW;;;154;193
EX1113;Stankov;2018;WW;8.68;93.32;140;191
EX1114;Stankov;2018;WW;9.94;82;137;194
EX1115;Stankov;2018;WW;10.5;85.21;142;194
EX1116;Stankov;2018;WW;9.88;95.72;138;187
EX1117;Stankov;2018;WW;11.73;87.26;138;191
EX1118;Stankov;2019;WW;9.45;105.42;147;195
EX1119;Stankov;2019;WW;9.69;99.03;151;197
EX1120;Stankov;2019;WW;10.6;89.06;152;198
EX1121;Stankov;2019;WW;9.27;97.18;149;197
EX1122;Stankov;2019;WW;10.22;88.62;150;198
EX1123;Stankov;2020;WW;9.83;102.78;149;208
EX1124;Stankov;2020;WW;8.71;104.21;144;205
EX1125;Stankov;2020;WW;11.07;96.17;143;206
EX1126;Stankov;2020;WW;10.02;102.41;150;207
EX1127;Stankov;2020;WW;11.63;95.73;149;208
EX1128;Stankov;2021;WW;10.56;90.37;158;207
EX1129;Stankov;2021;WW;11.21;89.48;158;207
EX1130;Stankov;2021;WW;9.94;88.93;154;203
EX1131;Stankov;2022;WW;11.36;95.49;145;195
EX1132;Stankov;2022;WW;11.27;86.34;145;196
EX1133;Stankov;2022;WW;10.85;93.73;146;196
EX1134;Stankov;2022;WW;11.43;89.67;147;196
EX1135;Stankov;2023;WW;;97.86;150;196
EX1136;Stankov;2023;WW;;;150;196
EX1137;Stankov;2023;WW;7.09;80.94;145;193
EX1138;Stankov;2023;WW;7.69;78.54;145;194
EX1139;Stankov;2024;WW;8.33;92.91;;197
EX1140;Stankov;2024;WW;7.98;90.48;;197
EX1141;Stankov;2024;WW;9.18;89;;198
EX1142;Stankov;2024;WW;8.6;86.28;;198
EX1143;Stankov;2024;WW;8.05;87.17;;195
EX1144;Stankov;2024;WW;9.96;85.3;;195
EX1145;Stupice;2006;WW;8.09;79.18;157;
EX1146;Stupice;2006;WW;8.68;70.17;151;
EX1147;Stupice;2006;WW;9.6;81.39;159;
EX1148;Stupice;2007;WW;10.35;89.26;135;
EX1149;Stupice;2007;WW;10.17;91.17;140;
EX1150;Stupice;2008;WW;11.6;97.01;151;
EX1151;Stupice;2008;WW;10.36;101;151;
EX1152;Stupice;2009;WW;10.35;84.67;138;
EX1153;Stupice;2009;WW;11.02;81.96;139;
EX1154;Stupice;2009;WW;10.48;89.43;144;
EX1155;Stupice;2009;WW;11.33;86.31;144;
EX1156;Stupice;2010;WW;9.94;93.64;154;
EX1157;Stupice;2010;WW;10.5;82.31;154;
EX1158;Stupice;2010;WW;10.44;91.74;148;
EX1159;Stupice;2010;WW;11.18;82.21;148;
EX1160;Stupice;2011;WW;11.81;89.29;145;
EX1161;Stupice;2011;WW;12.55;;145;
EX1162;Stupice;2012;WW;6.8;69.84;143;
EX1163;Stupice;2012;WW;7.36;;143;
EX1164;Stupice;2012;WW;7.75;75.28;149;
EX1165;Stupice;2012;WW;8.3;77.13;148;
EX1166;Stupice;2012;WW;8.37;;149;
EX1167;Stupice;2012;WW;8.92;;148;
EX1168;Stupice;2013;WW;10.33;93.26;156;
EX1169;Stupice;2013;WW;11.38;;156;
EX1170;Stupice;2014;WW;11.82;106.57;143;
EX1171;Stupice;2014;WW;13.48;;143;
EX1172;Stupice;2015;WW;9.04;105.43;140;
EX1173;Stupice;2015;WW;13.08;;141;
EX1174;Stupice;2015;WW;10.85;101.15;146;
EX1175;Stupice;2015;WW;13.85;;147;
EX1176;Stupice;2016;WW;10.68;97.6;150;
EX1177;Stupice;2016;WW;13.11;91.85;150;
EX1178;Stupice;2016;WW;11.8;90.91;150;
EX1179;Stupice;2016;WW;9.37;101.11;145;
EX1180;Stupice;2016;WW;11.78;90.89;145;
EX1181;Stupice;2016;WW;10.4;95.76;153;
EX1182;Stupice;2016;WW;10.21;93.51;159;
EX1183;Stupice;2017;WW;11.03;89.31;147;
EX1184;Stupice;2017;WW;12.96;81.46;147;
EX1185;Stupice;2017;WW;10.98;86.48;150;
EX1186;Stupice;2017;WW;12.76;80.85;150;
EX1187;Stupice;2018;WW;9.81;74.89;138;
EX1188;Stupice;2019;WW;10.39;94.36;149;
EX1189;Stupice;2019;WW;10.77;90.77;;
EX1190;Stupice;2020;WW;11.85;101.37;139;
EX1191;Stupice;2020;WW;12.08;105.29;148;
EX1192;Stupice;2020;WW;13.75;105.11;148;
EX1193;Stupice;2020;WW;13.4;103.88;148;
EX1194;Stupice;2021;WW;11.02;92.38;159;
EX1195;Stupice;2021;WW;11.41;92.28;153;
EX1196;Stupice;2022;WW;13.01;87.94;145;
EX1197;Stupice;2022;WW;13.45;92.05;141;
EX1198;Stupice;2022;WW;12.26;79.52;145;
EX1199;Stupice;2022;WW;14.14;88.64;141;
EX1200;Stupice;2023;WW;10.64;105.87;145;
EX1201;Stupice;2023;WW;10.48;107.95;146;
EX1202;Stupice;2023;WW;12.74;100.39;145;
EX1203;Stupice;2024;WW;10.59;94.77;133;
EX1204;Stupice;2024;WW;11.09;87.85;128;
EX1205;Stupice;2024;WW;10.23;98.49;136;
EX1206;Stupice;2024;WW;11.78;94.15;136;
EX1207;Stupice;2024;WW;10.89;95.05;136;
EX1208;Trutnov;2009;WW;6.27;93.03;147;210
EX1209;Trutnov;2009;WW;8.88;95.27;147;210
EX1210;Trutnov;2010;WW;8.93;96.17;157;212
EX1211;Trutnov;2010;WW;8.43;92.5;156;210
EX1212;Trutnov;2010;WW;8.14;98.05;160;214
EX1213;Trutnov;2010;WW;8.54;99.73;160;215
EX1214;Trutnov;2011;WW;10.06;82.56;151;209
EX1215;Trutnov;2011;WW;11.29;;151;209
EX1216;Trutnov;2012;WW;10.3;91.45;146;
EX1217;Trutnov;2012;WW;10.85;;147;
EX1218;Trutnov;2013;WW;9.12;92.12;165;213
EX1219;Trutnov;2013;WW;10.67;;165;214
EX1220;Trutnov;2014;WW;9.81;110.72;147;204
EX1221;Trutnov;2014;WW;11.8;;144;204
EX1222;Trutnov;2015;WW;9.54;96.18;150;205
EX1223;Trutnov;2015;WW;10.12;;150;206
EX1224;Trutnov;2016;WW;7.51;85.36;148;201
EX1225;Trutnov;2017;WW;9.21;90.58;153;211
EX1226;Trutnov;2017;WW;10.49;93.12;153;211
EX1227;Trutnov;2018;WW;8.06;85.11;141;192
EX1228;Trutnov;2018;WW;7.94;85.11;141;192
EX1229;Uhersky_Ostroh;2006;WW;7.48;92.44;142;198
EX1230;Uhersky_Ostroh;2006;WW;8.63;84.61;143;200
EX1231;Uhersky_Ostroh;2006;WW;7.56;98.24;148;200
EX1232;Uhersky_Ostroh;2006;WW;8.2;89.56;149;201
EX1233;Uhersky_Ostroh;2006;WW;7.67;96.96;149;200
EX1234;Uhersky_Ostroh;2006;WW;9.2;91.24;151;202
EX1235;Uhersky_Ostroh;2007;WW;5.85;92.45;136;185
EX1236;Uhersky_Ostroh;2007;WW;6.04;80.22;137;185
EX1237;Uhersky_Ostroh;2007;WW;5.9;90.87;132;182
EX1238;Uhersky_Ostroh;2007;WW;5.96;73.7;133;182
EX1239;Uhersky_Ostroh;2007;WW;5.38;84.07;136;185
EX1240;Uhersky_Ostroh;2007;WW;5.18;72.47;137;185
EX1241;Uhersky_Ostroh;2008;WW;9.84;112.98;144;195
EX1242;Uhersky_Ostroh;2008;WW;11.13;93;145;197
EX1243;Uhersky_Ostroh;2008;WW;9.8;121;140;192
EX1244;Uhersky_Ostroh;2008;WW;11.32;115;142;193
EX1245;Uhersky_Ostroh;2008;WW;9.49;105.94;140;193
EX1246;Uhersky_Ostroh;2008;WW;10.32;103.38;141;194
EX1247;Uhersky_Ostroh;2008;WW;9.09;109.34;145;195
EX1248;Uhersky_Ostroh;2008;WW;9.57;106.83;146;197
EX1249;Uhersky_Ostroh;2009;WW;9.4;96.6;137;197
EX1250;Uhersky_Ostroh;2009;WW;11.46;89.91;138;203
EX1251;Uhersky_Ostroh;2009;WW;9.7;93.26;131;193
EX1252;Uhersky_Ostroh;2009;WW;8.36;91.29;136;193
EX1253;Uhersky_Ostroh;2009;WW;11.24;94.91;135;200
EX1254;Uhersky_Ostroh;2010;WW;7.52;99.36;142;195
EX1255;Uhersky_Ostroh;2010;WW;6.98;101.62;149;198
EX1256;Uhersky_Ostroh;2010;WW;10.54;83.05;144;199
EX1257;Uhersky_Ostroh;2010;WW;7.6;96.85;149;198
EX1258;Uhersky_Ostroh;2010;WW;9.94;89.62;150;199
EX1259;Uhersky_Ostroh;2011;WW;9.59;103.4;140;192
EX1260;Uhersky_Ostroh;2011;WW;8.87;98.83;144;194
EX1261;Uhersky_Ostroh;2011;WW;10.18;;141;195
EX1262;Uhersky_Ostroh;2011;WW;9.97;;145;197
EX1263;Uhersky_Ostroh;2012;WW;5.06;71.23;133;188
EX1264;Uhersky_Ostroh;2012;WW;5.42;;133;189
EX1265;Uhersky_Ostroh;2012;WW;5.82;65.45;140;191
EX1266;Uhersky_Ostroh;2012;WW;5.99;;141;193
EX1267;Uhersky_Ostroh;2012;WW;5.71;70.13;141;
EX1268;Uhersky_Ostroh;2012;WW;5.35;;142;
EX1269;Uhersky_Ostroh;2013;WW;8;99.52;139;200
EX1270;Uhersky_Ostroh;2013;WW;9.86;;140;204
EX1271;Uhersky_Ostroh;2013;WW;8.38;97.58;147;204
EX1272;Uhersky_Ostroh;2013;WW;10.22;;148;208
EX1273;Uhersky_Ostroh;2013;WW;10.23;;148;207
EX1274;Uhersky_Ostroh;2014;WW;9.08;106.16;130;189
EX1275;Uhersky_Ostroh;2014;WW;9.13;101.95;138;193
EX1276;Uhersky_Ostroh;2014;WW;10.35;;136;194
EX1277;Uhersky_Ostroh;2014;WW;9.62;101.87;137;193
EX1278;Uhersky_Ostroh;2014;WW;11.85;;138;195
EX1279;Uhersky_Ostroh;2015;WW;5.54;101.43;137;186
EX1280;Uhersky_Ostroh;2015;WW;6.63;;137;187
EX1281;Uhersky_Ostroh;2015;WW;6.35;95.42;140;187
EX1282;Uhersky_Ostroh;2015;WW;6.26;;141;188
EX1283;Uhersky_Ostroh;2016;WW;11.12;98.97;138;191
EX1284;Uhersky_Ostroh;2016;WW;12.7;95.7;139;192
EX1285;Uhersky_Ostroh;2016;WW;11.26;96.55;143;193
EX1286;Uhersky_Ostroh;2016;WW;12.79;92.53;144;194
EX1287;Uhersky_Ostroh;2016;WW;10.99;96.83;144;193
EX1288;Uhersky_Ostroh;2016;WW;12.61;87.77;144;194
EX1289;Uhersky_Ostroh;2016;WW;8.58;91.98;148;193
EX1290;Uhersky_Ostroh;2016;WW;8.38;88.12;149;192
EX1291;Uhersky_Ostroh;2016;WW;9.47;90.5;144;191
EX1292;Uhersky_Ostroh;2017;WW;5.85;90.98;146;188
EX1293;Uhersky_Ostroh;2017;WW;5.2;85.69;146;188
EX1294;Uhersky_Ostroh;2017;WW;5.51;86.09;149;189
EX1295;Uhersky_Ostroh;2017;WW;5.25;82.04;149;189
EX1296;Uhersky_Ostroh;2017;WW;5.21;83.72;150;190
EX1297;Uhersky_Ostroh;2017;WW;4.61;77.07;151;190
EX1298;Uhersky_Ostroh;2018;WW;8.02;87.3;130;179
EX1299;Uhersky_Ostroh;2018;WW;9.51;83.41;130;181
EX1300;Uhersky_Ostroh;2018;WW;8.12;87.62;134;182
EX1301;Uhersky_Ostroh;2018;WW;9.24;85.11;135;184
EX1302;Uhersky_Ostroh;2018;WW;8.29;88.38;136;184
EX1303;Uhersky_Ostroh;2018;WW;9.36;85.57;136;185
EX1304;Uhersky_Ostroh;2019;WW;9.65;103;137;186
EX1305;Uhersky_Ostroh;2019;WW;11.2;100.3;138;191
EX1306;Uhersky_Ostroh;2019;WW;8.03;105;148;195
EX1307;Uhersky_Ostroh;2019;WW;9.27;108;147;197
EX1308;Uhersky_Ostroh;2019;WW;9.58;110;140;193
EX1309;Uhersky_Ostroh;2019;WW;10.45;94;144;192
EX1310;Uhersky_Ostroh;2019;WW;9.86;107;148;194
EX1311;Uhersky_Ostroh;2019;WW;9.45;109;146;189
EX1312;Uhersky_Ostroh;2019;WW;8.78;98.67;143;187
EX1313;Uhersky_Ostroh;2019;WW;10.37;98.23;144;190
EX1314;Uhersky_Ostroh;2019;WW;10.57;96;140;187
EX1315;Uhersky_Ostroh;2019;WW;10.09;109;142;192
EX1316;Uhersky_Ostroh;2019;WW;10.82;101;144;191
EX1317;Uhersky_Ostroh;2019;WW;10.29;103;144;191
EX1318;Uhersky_Ostroh;2019;WW;8.93;106;146;195
EX1319;Uhersky_Ostroh;2019;WW;10.93;109;143;190
EX1320;Uhersky_Ostroh;2019;WW;10.11;109;144;193
EX1321;Uhersky_Ostroh;2019;WW;10.62;107;146;194
EX1322;Uhersky_Ostroh;2019;WW;8.77;113;144;189
EX1323;Uhersky_Ostroh;2019;WW;10.89;103;144;191
EX1324;Uhersky_Ostroh;2019;WW;9.44;115;145;190
EX1325;Uhersky_Ostroh;2019;WW;10.34;95;146;191
EX1326;Uhersky_Ostroh;2019;WW;9.68;110;144;191
EX1327;Uhersky_Ostroh;2019;WW;10.23;95;143;188
EX1328;Uhersky_Ostroh;2019;WW;10.85;95;145;194
EX1329;Uhersky_Ostroh;2019;WW;10.27;101;144;188
EX1330;Uhersky_Ostroh;2019;WW;10.33;94;142;188
EX1331;Uhersky_Ostroh;2019;WW;10.22;105;145;194
EX1332;Uhersky_Ostroh;2019;WW;10.42;102;145;196
EX1333;Uhersky_Ostroh;2019;WW;10.83;103;144;193
EX1334;Uhersky_Ostroh;2019;WW;10.14;101;142;189
EX1335;Uhersky_Ostroh;2019;WW;9.76;109;147;193
EX1336;Uhersky_Ostroh;2019;WW;10.22;109;146;189
EX1337;Uhersky_Ostroh;2019;WW;10.53;104;142;189
EX1338;Uhersky_Ostroh;2019;WW;10.47;99.75;145;194
EX1339;Uhersky_Ostroh;2019;WW;8.02;108;148;198
EX1340;Uhersky_Ostroh;2019;WW;9.26;105;142;190
EX1341;Uhersky_Ostroh;2019;WW;10.77;95;140;191
EX1342;Uhersky_Ostroh;2019;WW;9.8;115;143;190
EX1343;Uhersky_Ostroh;2019;WW;10.28;102;145;193
EX1344;Uhersky_Ostroh;2019;WW;9.38;103;140;189
EX1345;Uhersky_Ostroh;2019;WW;10.04;101;146;193
EX1346;Uhersky_Ostroh;2019;WW;10.85;95;140;194
EX1347;Uhersky_Ostroh;2019;WW;9.79;110;142;189
EX1348;Uhersky_Ostroh;2019;WW;9.91;104;142;189
EX1349;Uhersky_Ostroh;2019;WW;11.12;95;143;191
EX1350;Uhersky_Ostroh;2019;WW;9.47;109;147;194
EX1351;Uhersky_Ostroh;2019;WW;8.21;130;145;187
EX1352;Uhersky_Ostroh;2019;WW;9.51;108;145;196
EX1353;Uhersky_Ostroh;2019;WW;10.49;98;145;194
EX1354;Uhersky_Ostroh;2019;WW;9.9;97;145;192
EX1355;Uhersky_Ostroh;2019;WW;10.65;101;145;189
EX1356;Uhersky_Ostroh;2019;WW;10.19;104;148;189
EX1357;Uhersky_Ostroh;2019;WW;8.71;108;148;195
EX1358;Uhersky_Ostroh;2019;WW;10.31;91;146;194
EX1359;Uhersky_Ostroh;2019;WW;9.41;103;148;193
EX1360;Uhersky_Ostroh;2019;WW;9.8;115;143;189
EX1361;Uhersky_Ostroh;2019;WW;10.38;104;146;190
EX1362;Uhersky_Ostroh;2019;WW;10.26;95;142;188
EX1363;Uhersky_Ostroh;2019;WW;9.95;114;148;196
EX1364;Uhersky_Ostroh;2019;WW;10.04;92;142;194
EX1365;Uhersky_Ostroh;2019;WW;10.1;105;147;190
EX1366;Uhersky_Ostroh;2019;WW;9.6;112;143;191
EX1367;Uhersky_Ostroh;2019;WW;10.34;101;147;192
EX1368;Uhersky_Ostroh;2019;WW;10.22;107;146;191
EX1369;Uhersky_Ostroh;2019;WW;8.67;97;145;197
EX1370;Uhersky_Ostroh;2019;WW;8.59;110;148;198
EX1371;Uhersky_Ostroh;2019;WW;10.08;105;146;190
EX1372;Uhersky_Ostroh;2019;WW;9.13;110;149;193
EX1373;Uhersky_Ostroh;2019;WW;7.42;101;151;194
EX1374;Uhersky_Ostroh;2019;WW;8.97;107;147;196
EX1375;Uhersky_Ostroh;2019;WW;9.6;103;144;194
EX1376;Uhersky_Ostroh;2019;WW;9.61;105;148;197
EX1377;Uhersky_Ostroh;2019;WW;11.26;107;144;194
EX1378;Uhersky_Ostroh;2020;WW;8.97;83.12;139;203
EX1379;Uhersky_Ostroh;2020;WW;9.96;81.95;139;
EX1380;Uhersky_Ostroh;2020;WW;9.47;81.81;145;209
EX1381;Uhersky_Ostroh;2020;WW;8.93;84.19;145;207
EX1382;Uhersky_Ostroh;2021;WW;9.27;89.14;149;194
EX1383;Uhersky_Ostroh;2021;WW;9.52;88.75;150;195
EX1384;Uhersky_Ostroh;2021;WW;10.08;87.24;145;192
EX1385;Uhersky_Ostroh;2022;WW;9.39;68;139;182
EX1386;Uhersky_Ostroh;2022;WW;9.15;83.23;137;181
EX1387;Uhersky_Ostroh;2022;WW;9;77.75;136;181
EX1388;Uhersky_Ostroh;2022;WW;8.56;77.02;139;182
EX1389;Uhersky_Ostroh;2022;WW;8.59;74.8;139;182
EX1390;Uhersky_Ostroh;2023;WW;10.77;105.76;144;194
EX1391;Uhersky_Ostroh;2023;WW;12.34;103.17;145;195
EX1392;Uhersky_Ostroh;2023;WW;10.53;105.91;140;191
EX1393;Uhersky_Ostroh;2023;WW;12.13;98.72;140;191
EX1394;Uhersky_Ostroh;2024;WW;8.57;98.67;123;178
EX1395;Uhersky_Ostroh;2024;WW;11.8;94.83;123;181
EX1396;Uhersky_Ostroh;2024;WW;7.87;102.92;131;183
EX1397;Uhersky_Ostroh;2024;WW;11.55;99.2;132;186
EX1398;Uhersky_Ostroh;2024;WW;8.17;104;131;183
EX1399;Uhersky_Ostroh;2024;WW;11.39;99.98;132;186
EX1400;Uhretice;2006;WW;12.69;87.28;161;209
EX1401;Uhretice;2006;WW;10.41;84.78;155;205
EX1402;Uhretice;2006;WW;12;89.18;161;206
EX1403;Uhretice;2006;WW;11.47;80.22;155;206
EX1404;Uhretice;2007;WW;9.88;;145;
EX1405;Uhretice;2008;WW;11.09;94.55;148;208
EX1406;Uhretice;2008;WW;12.12;92;152;211
EX1407;Uhretice;2008;WW;13.18;92.55;151;212
EX1408;Uhretice;2009;WW;11.68;92.37;140;202
EX1409;Uhretice;2009;WW;12.15;97.26;145;207
EX1410;Uhretice;2009;WW;13.42;79.67;140;205
EX1411;Uhretice;2009;WW;13.38;88.72;145;209
EX1412;Uhretice;2009;WW;7.33;80.3;149;220
EX1413;Uhretice;2010;WW;11.34;95.38;158;207
EX1414;Uhretice;2010;WW;12.96;91.92;158;209
EX1415;Uhretice;2010;WW;10.33;89.1;150;202
EX1416;Uhretice;2010;WW;12.84;85.03;150;204
EX1417;Uhretice;2010;WW;10.2;82.86;162;211
EX1418;Uhretice;2011;WW;11.9;89.05;147;206
EX1419;Uhretice;2011;WW;13.97;;148;208
EX1420;Uhretice;2011;WW;12.36;90.56;152;209
EX1421;Uhretice;2011;WW;14.16;;153;211
EX1422;Uhretice;2012;WW;8.46;79.15;153;
EX1423;Uhretice;2012;WW;7.75;;153;
EX1424;Uhretice;2013;WW;9.1;102.13;161;211
EX1425;Uhretice;2013;WW;12.8;;159;214
EX1426;Uhretice;2013;WW;9.39;106.38;151;210
EX1427;Uhretice;2014;WW;11.84;;145;205
EX1428;Uhretice;2014;WW;8.25;108.13;147;203
EX1429;Uhretice;2015;WW;11.72;103.39;147;200
EX1430;Uhretice;2015;WW;13.22;;147;200
EX1431;Uhretice;2016;WW;11.27;92.35;148;203
EX1432;Uhretice;2016;WW;13.99;92.35;148;203
EX1433;Uhretice;2016;WW;11.49;94.72;153;205
EX1434;Uhretice;2016;WW;14.42;90.36;153;205
EX1435;Uhretice;2016;WW;9.46;95.59;159;206
EX1436;Uhretice;2017;WW;10.92;96.48;151;200
EX1437;Uhretice;2017;WW;11.92;86.28;151;200
EX1438;Uhretice;2017;WW;11.14;94.73;153;203
EX1439;Uhretice;2017;WW;11.97;85.36;153;200
EX1440;Uhretice;2018;WW;7.66;79.37;143;193
EX1441;Uhretice;2018;WW;8.59;71.46;143;193
EX1442;Uhretice;2018;WW;7.17;86.78;137;190
EX1443;Uhretice;2018;WW;7.31;66.56;137;190
EX1444;Uhretice;2018;WW;7.83;82.28;141;192
EX1445;Uhretice;2018;WW;7.76;67.15;141;192
EX1446;Uhretice;2019;WW;8.26;92.36;153;198
EX1447;Uhretice;2019;WW;10.11;90.53;153;198
EX1448;Uhretice;2019;WW;8.71;91.52;147;
EX1449;Uhretice;2019;WW;10.51;87.82;147;196
EX1450;Uhretice;2020;WW;8.57;97.94;;214
EX1451;Uhretice;2020;WW;9.11;97.46;;214
EX1452;Uhretice;2020;WW;7.9;102.38;;238
EX1453;Uhretice;2020;WW;8.7;95.48;;238
EX1454;Uhretice;2021;WW;10.39;90.56;159;206
EX1455;Uhretice;2022;WW;11.79;93.81;149;199
EX1456;Uhretice;2022;WW;13.27;88.1;;202
EX1457;Uhretice;2023;WW;10.8;108.98;145;198
EX1458;Uhretice;2023;WW;13.75;;145;199
EX1459;Uhretice;2023;WW;11.71;109.28;151;201
EX1460;Uhretice;2023;WW;11.43;107.81;151;201
EX1461;Uhretice;2023;WW;13.77;107.22;151;201
EX1462;Uhretice;2023;WW;14;104.32;151;201
EX1463;Uhretice;2024;WW;8.06;98.68;139;193
EX1464;Uhretice;2024;WW;9.59;94.21;131;193
EX1465;Verovany;2006;WW;11.35;80.44;147;202
EX1466;Verovany;2006;WW;10.71;88.3;153;205
EX1467;Verovany;2006;WW;9.67;98.4;151;202
EX1468;Verovany;2006;WW;9.29;100.59;152;203
EX1469;Verovany;2007;WW;10.87;;139;194
EX1470;Verovany;2007;WW;9.1;;138;189
EX1471;Verovany;2007;WW;10.78;;139;194
EX1472;Verovany;2008;WW;;;141;201
EX1473;Verovany;2008;WW;;;142;202
EX1474;Verovany;2008;WW;;92;147;210
EX1475;Verovany;2008;WW;;92;146;210
EX1476;Verovany;2008;WW;;;146;212
EX1477;Verovany;2008;WW;;;147;212
EX1478;Verovany;2009;WW;9.48;95.48;134;200
EX1479;Verovany;2009;WW;11.16;82.89;135;201
EX1480;Verovany;2009;WW;9.35;97.09;140;200
EX1481;Verovany;2009;WW;11.39;87.2;140;202
EX1482;Verovany;2010;WW;3.94;91.73;152;202
EX1483;Verovany;2010;WW;7.64;85.75;154;203
EX1484;Verovany;2010;WW;5.43;90.44;153;203
EX1485;Verovany;2010;WW;8.39;86.33;154;203
EX1486;Verovany;2010;WW;5;89.44;146;202
EX1487;Verovany;2010;WW;8.8;80.82;147;203
EX1488;Verovany;2011;WW;6.71;104.88;141;194
EX1489;Verovany;2011;WW;11.12;;143;197
EX1490;Verovany;2011;WW;10.96;;147;200
EX1491;Verovany;2011;WW;7.19;103.52;145;197
EX1492;Verovany;2011;WW;11.04;;147;201
EX1493;Verovany;2011;WW;7.99;103.82;145;198
EX1494;Verovany;2012;WW;7.18;;148;205
EX1495;Verovany;2012;WW;5.92;65.37;146;204
EX1496;Verovany;2012;WW;;67.33;142;202
EX1497;Verovany;2012;WW;;;144;203
EX1498;Verovany;2012;WW;6.39;67.64;146;
EX1499;Verovany;2012;WW;7.13;;148;
EX1500;Verovany;2013;WW;7.03;101.16;150;206
EX1501;Verovany;2013;WW;10.13;;146;206
EX1502;Verovany;2013;WW;7.47;101.64;152;206
EX1503;Verovany;2013;WW;10.22;;155;209
EX1504;Verovany;2013;WW;9.88;;156;
EX1505;Verovany;2014;WW;10.05;107.16;137;194
EX1506;Verovany;2014;WW;12.29;;140;195
EX1507;Verovany;2014;WW;12.53;;139;194
EX1508;Verovany;2014;WW;10.21;108.11;136;193
EX1509;Verovany;2014;WW;9.28;118.56;131;191
EX1510;Verovany;2014;WW;11.61;;133;
EX1511;Verovany;2015;WW;11.93;108.03;140;198
EX1512;Verovany;2015;WW;13.26;;140;199
EX1513;Verovany;2015;WW;14.39;;144;201
EX1514;Verovany;2016;WW;10.44;96.09;146;193
EX1515;Verovany;2016;WW;11.64;91.65;148;194
EX1516;Verovany;2016;WW;10.05;103.84;143;192
EX1517;Verovany;2016;WW;11.51;96.62;144;193
EX1518;Verovany;2016;WW;10.86;98.33;147;193
EX1519;Verovany;2016;WW;11.47;91.7;147;194
EX1520;Verovany;2016;WW;10.52;94.73;;203
EX1521;Verovany;2016;WW;9.7;95.07;;
EX1522;Verovany;2016;WW;10.79;94.98;;
EX1523;Verovany;2017;WW;7.93;81.25;148;194
EX1524;Verovany;2017;WW;7.79;88.51;145;192
EX1525;Verovany;2017;WW;8.38;85.98;145;193
EX1526;Verovany;2017;WW;7.63;85.71;145;192
EX1527;Verovany;2017;WW;8.37;91.67;147;194
EX1528;Verovany;2018;WW;8.28;89.54;132;179
EX1529;Verovany;2018;WW;10.59;;134;180
EX1530;Verovany;2018;WW;10.24;;138;183
EX1531;Verovany;2018;WW;8.71;92.07;136;181
EX1532;Verovany;2018;WW;8.75;93.16;137;183
EX1533;Verovany;2018;WW;10.01;;139;185
EX1534;Verovany;2020;WW;10.77;;;203
EX1535;Verovany;2020;WW;12.38;95.31;;204
EX1536;Verovany;2020;WW;12.44;96.22;;205
EX1537;Verovany;2020;WW;11.56;100.3;;205
EX1538;Verovany;2021;WW;11.15;87.12;;
EX1539;Verovany;2021;WW;10.16;82.93;;
EX1540;Verovany;2021;WW;11.32;87.95;;
EX1541;Verovany;2022;WW;9.38;80.11;;178
EX1542;Verovany;2022;WW;9.56;73.82;;178
EX1543;Verovany;2022;WW;10.11;83.54;144;183
EX1544;Verovany;2022;WW;10.8;78.84;144;182
EX1545;Verovany;2022;WW;9.46;78.67;144;185
EX1546;Verovany;2022;WW;9.9;74.89;144;185
EX1547;Verovany;2024;WW;9.96;99.85;128;186
EX1548;Verovany;2024;WW;11.99;93.54;128;187
EX1549;Verovany;2024;WW;8.93;104.97;135;189
EX1550;Verovany;2024;WW;10.61;103.43;136;189
EX1551;Verovany;2024;WW;8.28;108.57;136;190
EX1552;Verovany;2024;WW;10.21;103.82;137;190
EX1553;Veselicko;2016;WW;9.03;95.97;146;
EX1554;Veselicko;2016;WW;9.82;91.33;146;
EX1555;Veselicko;2017;WW;;81.94;158;
EX1556;Veselicko;2018;WW;9.99;84.67;142;207
EX1557;Veselicko;2018;WW;9.64;81.78;143;
EX1558;Vysoka;2007;WW;8.8;85.39;136;196
EX1559;Vysoka;2007;WW;9.27;86.96;136;197
EX1560;Vysoka;2007;WW;9.83;87.09;140;199
EX1561;Vysoka;2007;WW;10.79;88.16;140;200
EX1562;Vysoka;2008;WW;8.62;94.33;149;208
EX1563;Vysoka;2008;WW;9.43;95.42;150;209
EX1564;Vysoka;2008;WW;8.92;94.12;152;211
EX1565;Vysoka;2008;WW;9.71;95.09;153;212
EX1566;Vysoka;2008;WW;8.62;90.51;154;211
EX1567;Vysoka;2008;WW;9.32;91.12;154;212
EX1568;Vysoka;2009;WW;8.95;98.96;144;217
EX1569;Vysoka;2009;WW;10.67;99.41;144;218
EX1570;Vysoka;2009;WW;8.02;100.6;150;222
EX1571;Vysoka;2009;WW;8.61;104.11;150;221
EX1572;Vysoka;2009;WW;9.92;101.1;150;223
EX1573;Vysoka;2009;WW;10.52;104.99;150;222
EX1574;Vysoka;2010;WW;8.73;92.28;155;220
EX1575;Vysoka;2010;WW;10.22;93.03;155;221
EX1576;Vysoka;2010;WW;9.53;96.96;160;221
EX1577;Vysoka;2010;WW;10.75;97.21;160;222
EX1578;Vysoka;2011;WW;8.78;78.72;140;214
EX1579;Vysoka;2011;WW;9.53;;140;215
EX1580;Vysoka;2011;WW;8.81;77;145;216
EX1581;Vysoka;2011;WW;9.23;;145;217
EX1582;Vysoka;2012;WW;8.49;81.4;144;212
EX1583;Vysoka;2012;WW;10.16;;144;213
EX1584;Vysoka;2012;WW;10.54;82.37;149;
EX1585;Vysoka;2012;WW;11.46;;149;
EX1586;Vysoka;2012;WW;10.8;81.4;149;215
EX1587;Vysoka;2012;WW;11.61;;149;216
EX1588;Vysoka;2013;WW;8.45;93.59;162;218
EX1589;Vysoka;2013;WW;9.75;;162;219
EX1590;Vysoka;2013;WW;9.05;84.97;167;221
EX1591;Vysoka;2013;WW;9.65;89.57;167;221
EX1592;Vysoka;2013;WW;10.68;;167;222
EX1593;Vysoka;2013;WW;10.79;;167;222
EX1594;Vysoka;2014;WW;10.79;108.84;142;211
EX1595;Vysoka;2014;WW;12.9;;142;212
EX1596;Vysoka;2014;WW;11.63;101.42;146;213
EX1597;Vysoka;2014;WW;13.19;;146;214
EX1598;Vysoka;2014;WW;11.78;98.25;146;214
EX1599;Vysoka;2014;WW;12.89;;146;215
EX1600;Vysoka;2015;WW;9.95;90.04;154;209
EX1601;Vysoka;2015;WW;11.24;;154;210
EX1602;Vysoka;2015;WW;7.86;98.43;150;207
EX1603;Vysoka;2015;WW;10.53;;150;208
EX1604;Vysoka;2016;WW;;102.24;157;221
EX1605;Vysoka;2016;WW;10.7;93.28;161;222
EX1606;Vysoka;2016;WW;11.16;96.15;160;222
EX1607;Vysoka;2016;WW;10.72;92.91;146;200
EX1608;Vysoka;2016;WW;12.1;;147;201
EX1609;Vysoka;2016;WW;11.06;92.22;150;214
EX1610;Vysoka;2016;WW;12.36;;150;215
EX1611;Vysoka;2016;WW;12.1;;150;215
EX1612;Vysoka;2017;WW;7.82;90.87;151;209
EX1613;Vysoka;2017;WW;8.33;;151;209
EX1614;Vysoka;2017;WW;8.41;85.84;152;210
EX1615;Vysoka;2017;WW;8.87;;152;211
EX1616;Vysoka;2017;WW;7.96;82.97;153;210
EX1617;Vysoka;2017;WW;8.7;;153;211
EX1618;Vysoka;2018;WW;8.98;73.44;141;207
EX1619;Vysoka;2018;WW;9.75;;141;208
EX1620;Vysoka;2018;WW;7.23;69.84;136;203
EX1621;Vysoka;2018;WW;7.9;;136;204
EX1622;Vysoka;2018;WW;9.06;71.86;142;207
EX1623;Vysoka;2018;WW;9.84;;142;208
EX1624;Vysoka;2019;WW;7.84;83.46;153;
EX1625;Vysoka;2019;WW;7.43;;153;
EX1626;Vysoka;2019;WW;6.88;87.61;148;201
EX1627;Vysoka;2019;WW;7.96;;148;202
EX1628;Vysoka;2019;WW;6.45;76.68;153;
EX1629;Vysoka;2019;WW;7.03;;153;
EX1630;Vysoka;2020;WW;11.95;97.87;145;216
EX1631;Vysoka;2020;WW;12.86;;146;216
EX1632;Vysoka;2020;WW;12.34;;145;217
EX1633;Vysoka;2020;WW;;102.12;141;208
EX1634;Vysoka;2020;WW;;;141;209
EX1635;Vysoka;2021;WW;;;157;222
EX1636;Vysoka;2021;WW;11.48;;161;222
EX1637;Vysoka;2021;WW;11.7;;161;222
EX1638;Vysoka;2022;WW;11.2;91.69;146;205
EX1639;Vysoka;2022;WW;12.56;;146;205
EX1640;Vysoka;2022;WW;11.42;91.95;145;204
EX1641;Vysoka;2022;WW;12.25;;145;205
EX1642;Vysoka;2022;WW;10.8;95.41;141;200
EX1643;Vysoka;2022;WW;11.95;;141;201
EX1644;Vysoka;2023;WW;8.71;88.14;151;204
EX1645;Vysoka;2023;WW;9.84;;152;204
EX1646;Vysoka;2023;WW;9.4;88.31;152;203
EX1647;Vysoka;2023;WW;9.81;;152;203
EX1648;Vysoka;2023;WW;9;92.85;148;203
EX1649;Vysoka;2023;WW;9.3;;148;203
EX1650;Vysoka;2024;WW;9.6;93.76;135;204
EX1651;Vysoka;2024;WW;10.52;;135;204
EX1652;Vysoka;2024;WW;10.63;99.92;141;206
EX1653;Vysoka;2024;WW;12.07;;142;206
EX1654;Vysoka;2024;WW;8.14;99.62;142;205
EX1655;Vysoka;2024;WW;9.91;;142;205
EX1656;Zabcice;2010;WW;8.76;100.14;155;204
EX1657;Zabcice;2011;WW;10.76;100.43;144;195
EX1658;Zabcice;2011;WW;11.65;;146;197
EX1659;Zabcice;2011;WW;10.4;100.33;140;193
EX1660;Zabcice;2011;WW;12.1;;142;
EX1661;Zabcice;2013;WW;8.46;102.18;148;202
EX1662;Zabcice;2013;WW;9.33;;148;203
EX1663;Zabcice;2014;WW;11.21;97.91;135;191
EX1664;Zabcice;2014;WW;11.37;;130;189
EX1665;Zabcice;2016;WW;9.66;97.61;147;193
EX1666;Zabcice;2016;WW;11.34;93.15;148;195
EX1667;Zabcice;2017;WW;8.23;88.36;146;188
EX1668;Zabcice;2017;WW;8.87;84;146;188
EX1669;Zabcice;2018;WW;8.02;86.22;129;177
EX1670;Zabcice;2018;WW;10.38;86.33;129;179
EX1671;Zabčice;2015;WW;10.62;97.3;142;192
EX1672;Zabčice;2015;WW;10.81;;142;192
EX1673;Zatec;2006;WW;;76.61;147;194
EX1674;Zatec;2006;WW;;69.28;148;194
EX1675;Zatec;2006;WW;5.37;78.26;152;194
EX1676;Zatec;2006;WW;5.83;72.55;153;194
EX1677;Zatec;2008;WW;8.98;101.39;145;198
EX1678;Zatec;2008;WW;8.91;102.3;145;199
EX1679;Zatec;2008;WW;9.36;96.2;149;202
EX1680;Zatec;2008;WW;9.4;101.46;150;203
EX1681;Zatec;2008;WW;9.48;92;148;201
EX1682;Zatec;2009;WW;10.58;93.68;141;206
EX1683;Zatec;2009;WW;11.1;94;141;207
EX1684;Zatec;2009;WW;10.59;90.63;135;203
EX1685;Zatec;2009;WW;11.33;90.56;136;204
EX1686;Zatec;2009;WW;10.46;91.5;142;205
EX1687;Zatec;2009;WW;11.38;93.16;142;206
EX1688;Zatec;2010;WW;9.65;100.72;150;206
EX1689;Zatec;2010;WW;9.65;102.91;150;206
EX1690;Zatec;2010;WW;9.3;101.35;151;205
EX1691;Zatec;2010;WW;9.17;103.45;151;205
EX1692;Zatec;2010;WW;9.71;100.08;152;206
EX1693;Zatec;2010;WW;9.62;96.45;145;202
EX1694;Zatec;2010;WW;10.18;95.42;145;203
EX1695;Zatec;2010;WW;9.63;100.33;146;202
EX1696;Zatec;2010;WW;10.25;98;146;203
EX1697;Zatec;2010;WW;9.66;98.72;152;204
EX1698;Zatec;2011;WW;10.77;90.73;147;206
EX1699;Zatec;2011;WW;11.83;;147;207
EX1700;Zatec;2011;WW;10.56;;147;208
EX1701;Zatec;2011;WW;10.77;89.86;147;206
EX1702;Zatec;2011;WW;10.5;91.45;141;204
EX1703;Zatec;2011;WW;10.69;;141;204
EX1704;Zatec;2013;WW;10.05;93.59;159;
EX1705;Zatec;2013;WW;11.73;;159;
EX1706;Zatec;2013;WW;11.54;;159;
EX1707;Zatec;2013;WW;10.33;94.38;154;209
EX1708;Zatec;2013;WW;10.14;92.7;159;210
EX1709;Zatec;2013;WW;10.69;;153;216
EX1710;Zatec;2013;WW;11.33;;159;217
EX1711;Zatec;2014;WW;;;143;
EX1712;Zatec;2014;WW;;103.33;143;
EX1713;Zatec;2014;WW;11.59;;139;199
EX1714;Zatec;2014;WW;;;144;
EX1715;Zatec;2014;WW;11.3;110.36;139;198
EX1716;Zatec;2014;WW;;103.74;143;
EX1717;Zatec;2015;WW;9.2;96.57;140;201
EX1718;Zatec;2015;WW;10.21;;140;202
EX1719;Zatec;2015;WW;9.34;89.46;144;205
EX1720;Zatec;2015;WW;9.99;;145;206
EX1721;Zatec;2016;WW;10.76;90.9;144;203
EX1722;Zatec;2016;WW;11.42;;145;204
EX1723;Zatec;2016;WW;10.41;89.83;144;204
EX1724;Zatec;2016;WW;11.6;;144;205
EX1725;Zatec;2016;WW;9.77;;142;205
EX1726;Zatec;2017;WW;;73.92;148;197
EX1727;Zatec;2017;WW;;;148;
EX1728;Zatec;2017;WW;;82.95;145;197
EX1729;Zatec;2017;WW;;;145;197
EX1730;Zatec;2017;WW;;79.49;147;197
EX1731;Zatec;2017;WW;;;147;197
EX1732;Zatec;2018;WW;9.75;93.68;137;187
EX1733;Zatec;2018;WW;9.43;81.94;140;191
EX1734;Zatec;2018;WW;10.29;;137;189
EX1735;Zatec;2018;WW;10.1;;140;192
EX1736;Zatec;2018;WW;9.65;82.54;140;191
EX1737;Zatec;2018;WW;10.43;;140;192
EX1738;Znojmo-Bezkov;2010;WW;7.36;93.08;152;204
EX1739;Znojmo-Bezkov;2010;WW;8.72;86.38;152;208
EX1740;Znojmo-Bezkov;2010;WW;6.81;96.06;159;208
EX1741;Znojmo-Bezkov;2010;WW;8.72;89.94;160;213
EX1742;Znojmo-Borotice;2011;WW;8.75;86.42;146;
EX1743;Znojmo-Borotice;2011;WW;8.55;;;
EX1744;Znojmo-Borotice;2011;WW;9.32;;;
EX1745;Znojmo-Oblekovice;2006;WW;8.17;91.89;143;192
EX1746;Znojmo-Oblekovice;2006;WW;9.4;96.33;143;192
EX1747;Znojmo-Oblekovice;2006;WW;8.12;96.45;148;193
EX1748;Znojmo-Oblekovice;2006;WW;8.54;100.3;148;194
EX1749;Znojmo-Oblekovice;2007;WW;6.28;80.37;140;184
EX1750;Znojmo-Oblekovice;2007;WW;6.41;79.71;139;184
EX1751;Znojmo-Oblekovice;2008;WW;8.73;91;145;192
EX1752;Znojmo-Oblekovice;2008;WW;7.92;102.45;139;189
EX1753;Znojmo-Oblekovice;2008;WW;9.99;96.52;141;190
EX1754;Znojmo-Oblekovice;2008;WW;8.67;101.47;145;192
EX1755;Znojmo-Oblekovice;2008;WW;10.01;95.29;147;192
EX1756;Znojmo-Oblekovice;2009;WW;9.1;87.59;134;188
EX1757;Znojmo-Oblekovice;2009;WW;10.29;82;134;192
EX1758;Znojmo-Oblekovice;2009;WW;8.92;90.55;139;193
EX1759;Znojmo-Oblekovice;2009;WW;10.45;86.6;139;195
EX1760;Znojmo-Oblekovice;2010;WW;7.86;92.59;145;192
EX1761;Znojmo-Oblekovice;2010;WW;8.23;80.15;145;193
EX1762;Znojmo-Oblekovice;2010;WW;7.18;93.78;151;196
EX1763;Znojmo-Oblekovice;2010;WW;8.27;85.36;152;197
EX1764;Znojmo-Oblekovice;2011;WW;8.42;84.35;135;185
EX1765;Znojmo-Oblekovice;2011;WW;8.03;81.52;140;
EX1766;Znojmo-Oblekovice;2011;WW;9.07;;136;189
EX1767;Znojmo-Oblekovice;2012;WW;;66.28;133;
EX1768;Znojmo-Oblekovice;2012;WW;;;134;
EX1769;Znojmo-Oblekovice;2012;WW;;62.13;141;
EX1770;Znojmo-Oblekovice;2012;WW;;;142;
EX1771;Znojmo-Oblekovice;2012;WW;;;141;
EX1772;Znojmo-Oblekovice;2012;WW;;;142;
EX1773;Znojmo-Oblekovice;2013;WW;7.94;100.69;151;202
EX1774;Znojmo-Oblekovice;2013;WW;9.95;;152;203
EX1775;Znojmo-Oblekovice;2013;WW;8.95;100.23;151;203
EX1776;Znojmo-Oblekovice;2013;WW;10.34;;153;204
EX1777;Znojmo-Oblekovice;2013;WW;8.31;103.48;142;199
EX1778;Znojmo-Oblekovice;2013;WW;9.77;;142;201
EX1779;Znojmo-Oblekovice;2014;WW;8.02;83.34;132;185
EX1780;Znojmo-Oblekovice;2014;WW;7.72;;132;185
EX1781;Znojmo-Oblekovice;2014;WW;7;83.25;133;185
EX1782;Znojmo-Oblekovice;2014;WW;7.03;;133;
EX1783;Znojmo-Oblekovice;2015;WW;7.87;93.46;141;187
EX1784;Znojmo-Oblekovice;2015;WW;9.61;;141;187
EX1785;Znojmo-Oblekovice;2015;WW;6.76;107.86;137;
EX1786;Znojmo-Oblekovice;2015;WW;8.8;;138;
EX1787;Znojmo-Oblekovice;2016;WW;9.52;108.46;141;186
EX1788;Znojmo-Oblekovice;2016;WW;10.39;99.16;141;187
EX1789;Znojmo-Oblekovice;2016;WW;;;145;188
EX1790;Znojmo-Oblekovice;2016;WW;;;145;188
EX1791;Znojmo-Oblekovice;2016;WW;;103.73;145;188
EX1792;Znojmo-Oblekovice;2016;WW;;97.73;145;189
EX1793;Znojmo-Oblekovice;2016;WW;10.35;97.3;;
EX1794;Znojmo-Oblekovice;2016;WW;9.13;92.33;141;189
EX1795;Znojmo-Oblekovice;2016;WW;;89.97;148;193
EX1796;Znojmo-Oblekovice;2016;WW;8.08;89.18;149;193
EX1797;Znojmo-Oblekovice;2016;WW;10.09;91.95;;
EX1798;Znojmo-Oblekovice;2017;WW;;73.85;143;182
EX1799;Znojmo-Oblekovice;2017;WW;;73.37;143;183
EX1800;Znojmo-Oblekovice;2017;WW;;76.72;139;179
EX1801;Znojmo-Oblekovice;2017;WW;;77.82;140;179
EX1802;Znojmo-Oblekovice;2017;WW;;71.3;141;179
EX1803;Znojmo-Oblekovice;2017;WW;;70.91;142;180
EX1804;Znojmo-Oblekovice;2018;WW;8.49;76.81;132;178
EX1805;Znojmo-Oblekovice;2018;WW;9.37;74.71;132;180
EX1806;Znojmo-Oblekovice;2018;WW;6.67;74.24;129;172
EX1807;Znojmo-Oblekovice;2018;WW;8.3;75.68;129;174
EX1808;Znojmo-Oblekovice;2018;WW;7.02;76.85;133;176
EX1809;Znojmo-Oblekovice;2018;WW;7.29;74.08;133;178
EX1810;Znojmo-Oblekovice;2019;WW;7.51;96.79;137;177
EX1811;Znojmo-Oblekovice;2019;WW;7.68;95.39;137;180
EX1812;Znojmo-Oblekovice;2020;WW;6.54;63.93;137;192
EX1813;Znojmo-Oblekovice;2020;WW;6.73;65.71;137;192
EX1814;Znojmo-Oblekovice;2020;WW;6.99;61.47;141;
EX1815;Znojmo-Oblekovice;2020;WW;6.96;59.62;140;
EX1816;Znojmo-Oblekovice;2020;WW;7.24;66.85;141;
EX1817;Znojmo-Oblekovice;2020;WW;6.94;62.44;141;
EX1818;Znojmo-Oblekovice;2021;WW;11.13;95.48;;
EX1819;Znojmo-Oblekovice;2021;WW;9.44;90.52;141;189
EX1820;Znojmo-Oblekovice;2021;WW;;88.77;148;
EX1821;Znojmo-Oblekovice;2021;WW;8;88.5;149;
EX1822;Znojmo-Oblekovice;2021;WW;10.43;89.15;;
EX1823;Znojmo-Oblekovice;2022;WW;6.5;64.41;;
EX1824;Znojmo-Oblekovice;2022;WW;6.05;63.27;;
EX1825;Znojmo-Oblekovice;2022;WW;;67.14;;
EX1826;Znojmo-Oblekovice;2022;WW;;64.37;;
EX1827;Znojmo-Oblekovice;2023;WW;10.09;100.6;142;191
EX1828;Znojmo-Oblekovice;2023;WW;11.37;97.4;142;191
EX1829;Znojmo-Oblekovice;2023;WW;10.01;102.56;147;194
EX1830;Znojmo-Oblekovice;2023;WW;11.15;100.86;147;194
EX1831;Znojmo-Oblekovice;2023;WW;9.55;97;;
EX1832;Znojmo-Oblekovice;2023;WW;10.19;97.64;;
EX1833;Znojmo-Oblekovice;2023;WW;10.09;97.47;148;195
EX1834;Znojmo-Oblekovice;2023;WW;11.13;96.97;148;195
EX1835;Znojmo-Oblekovice;2024;WW;6.41;82.69;137;184
EX1836;Znojmo-Oblekovice;2024;WW;8.54;;136;186
EX1837;Znojmo-Oblekovice;2024;WW;6.25;84.69;138;186
EX1838;Znojmo-Oblekovice;2024;WW;8.11;;138;188
EX1839;Znojmo-Oblekovice-podjem;2012;WW;;;147;
EX1840;Znojmo-Oblekovice-podjem;2012;WW;;;147;
EX1841;Znojmo-Oblekovice-podjem;2012;WW;;;148;
EX1842;Znojmo-Oblekovice-podjem;2012;WW;;;148;
EX1843;Znojmo-Oblekovice-podjem;2013;WW;9.54;;153;205
EX1844;Znojmo-Oblekovice-podjem;2013;WW;9.77;101.41;152;203
EX1845;Znojmo-Oblekovice-podjem;2013;WW;9.55;104.43;143;202
EX1846;Znojmo-Oblekovice-podjem;2013;WW;10.32;;143;203
EX1847;Znojmo-Oblekovice-podjem;2013;WW;9.16;101.62;152;203
EX1848;Znojmo-Oblekovice-podjem;2013;WW;10.31;;;
EX1849;Znojmo-Oblekovice-podjem;2014;WW;8.67;85.76;;189
EX1850;Znojmo-Oblekovice-podjem;2014;WW;7.17;87.11;;188
EX1851;Znojmo-Oblekovice-podjem;2014;WW;9.89;;;
EX1852;Znojmo-Oblekovice-podjem;2014;WW;8.46;;;188
EX1853;Znojmo-Oblekovice-podjem;2014;WW;7.62;83.68;142;191
EX1854;Znojmo-Oblekovice-podjem;2014;WW;9;;141;192
EX1855;Znojmo-Oblekovice-podjem;2015;WW;9.95;96.38;;
EX1856;Znojmo-Oblekovice-podjem;2015;WW;;109.86;;
EX1857;Znojmo-Oblekovice-podjem;2015;WW;9.74;;;
EX1858;Znojmo-Oblekovice-podjem;2016;WW;;112.77;140;
EX1859;Znojmo-Oblekovice-podjem;2016;WW;;106.2;140;
EX1860;Znojmo-Oblekovice-podjem;2016;WW;;;145;
EX1861;Znojmo-Oblekovice-podjem;2016;WW;8.99;97.91;145;
EX1862;Znojmo-Oblekovice-podjem;2016;WW;;;145;
EX1863;Znojmo-Oblekovice-podjem;2016;WW;;101.5;145;
EX1864;Znojmo-Oblekovice-podjem;2016;WW;10.07;92.14;;
EX1865;Znojmo-Oblekovice-podjem;2018;WW;7.94;72.86;128;
EX1866;Znojmo-Oblekovice-podjem;2018;WW;8.57;73.86;128;
EX1867;Znojmo-Oblekovice-podjem;2018;WW;8.75;80.29;133;
EX1868;Znojmo-Oblekovice-podjem;2018;WW;9.36;77.65;133;
EX1869;Znojmo-Oblekovice-podjem;2019;WW;7.5;91.03;134;
EX1870;Znojmo-Oblekovice-podjem;2019;WW;8.17;;136;
EX1871;Znojmo-Oblekovice-podjem;2019;WW;7.51;89.35;140;
EX1872;Znojmo-Oblekovice-podjem;2019;WW;7.1;93.67;142;
EX1873;Znojmo-Oblekovice-podjem;2019;WW;8.08;91.68;142;
EX1874;Znojmo-Oblekovice-podjem;2019;WW;8.2;88.55;142;
EX1875;Znojmo-Oblekovice-podjem;2020;WW;7.82;67.83;;192
EX1876;Znojmo-Oblekovice-podjem;2020;WW;7.76;66.4;;192
EX1877;Znojmo-Oblekovice-podjem;2020;WW;8.32;65.93;;196
EX1878;Znojmo-Oblekovice-podjem;2020;WW;8.32;64.19;;196
EX1879;Znojmo-Oblekovice-podjem;2021;WW;10.7;90.83;;
EX1880;Znojmo-Oblekovice-podjem;2022;WW;10.25;89.74;140;183
EX1881;Znojmo-Oblekovice-podjem;2022;WW;10.48;89.2;136;182
EX1882;Znojmo-Oblekovice-podjem;2022;WW;11.03;89.64;140;183
EX1883;Znojmo-Oblekovice-podjem;2022;WW;11.05;89.45;136;182
EX1884;Znojmo-Oblekovice-podjem;2022;WW;11.01;88.73;140;183
EX1885;Znojmo-Oblekovice-podjem;2022;WW;11.19;87.68;140;183
EX1886;Znojmo-Oblekovice-podjem;2023;WW;8.94;100.12;;
EX1887;Znojmo-Oblekovice-podjem;2023;WW;9.55;100.05;;
EX1888;Znojmo-Oblekovice-podjem;2023;WW;8.57;94.58;;
EX1889;Znojmo-Oblekovice-podjem;2023;WW;8.46;96.51;;
EX1890;Znojmo-Oblekovice-podjem;2024;WW;6.9;74.35;;
EX1891;Znojmo-Oblekovice-podjem;2024;WW;8.38;;;
EX1892;Znojmo-Oblekovice-podjem;2024;WW;6.34;78.35;;
EX1893;Znojmo-Oblekovice-podjem;2024;WW;7.89;;;
EX1894;Znojmo-Oblekovice-podjem;2024;WW;6.63;80.48;;
EX1895;Znojmo-Oblekovice-podjem;2024;WW;7.85;;;
EX1896;Znojmo-Oblekovice-podnajem;2012;WW;;;147;
EX1897;Znojmo-Oblekovice-podnajem;2012;WW;;;147;
EX1898;Znojmo-Oblekovice-podnajem;2013;WW;9.54;;154;205
EX1899;Znojmo-Oblekovice-podnajem;2013;WW;9.82;106.17;143;202
EX1900;Znojmo-Oblekovice-podnajem;2013;WW;9.26;102.37;152;203
EX1901;Znojmo-Oblekovice-podnajem;2014;WW;8.22;85.69;;189
EX1902;Znojmo-Oblekovice-podnajem;2014;WW;8.33;;;188
EX1903;Znojmo-Oblekovice-podnajem;2016;WW;;117.86;141;
EX1904;Znojmo-Oblekovice-podnajem;2016;WW;;109.29;140;
EX1905;Znojmo-Oblekovice-podnajem;2016;WW;8.98;104.27;145;
EX1906;Znojmo-Oblekovice-podnajem;2016;WW;8.8;99.77;146;
EX1907;Znojmo-Oblekovice-podnajem;2018;WW;7.61;74.22;128;
EX1908;Znojmo-Oblekovice-podnajem;2018;WW;8.61;74.56;129;
